rxn,uniprot,min,max,mean,mode
r_0007No1,P40545,0.1119,89.1162,7.180692352941176,1.4882
r_0012No1,P07275,0.0634,49.1588,5.039833137829912,1.4882
r_0013No1,P32626,0.4201,579.0682,27.56085789473684,15.2887
r_0015No1,P33312,0.2571,5767.5807,49.91974652567976,21.0607
arm_r_0016,P07342,0.7002,141.9656,10.406895918367347,1.2496
arm_r_0018,P47039,0.2199,277.944,24.89746517857143,1.2496
r_0019No1,P38787,0.0484,245.9855,20.830303215434085,11.5612
arm_r_0020,P14843,0.0306,39.73,3.4581553935860057,2.0123
arm_r_0020,P32449,0.0306,39.73,3.4581553935860057,2.0123
r_0021No1,P27697,0.1134,118.3116,10.830884457478005,5.4205
r_0021No1,P53318,0.0661,69.8543,7.165948632218845,1.4882
r_0021No1,P49017,0.0543,79.5298,9.900476851851852,11.1845
r_0021No1,P41735,0.0166,136.2776,8.548708510638297,1.4882
r_0022No1,P27697,0.0625,98.8841,9.113340762463343,1.4882
r_0022No1,P53318,0.0369,63.6674,4.806111550151976,1.4882
r_0022No1,P49017,0.0304,65.9247,6.772713888888889,1.4882
r_0022No1,P41735,0.0091,113.8993,5.910912462006079,1.4882
r_0023No1,P07264,0.2601,295.4556,19.150610787172013,1.2496
arm_r_0026,P38891,0.1836,2536.3774,58.37527731343283,1.2496
arm_r_0026,P47176,0.1836,2536.3774,58.37527731343283,1.2496
arm_r_0026,P38840,0.5086,1073.2085,72.1143695473251,0.5086
r_0028No1,P43635,0.1403,97.702,9.20652419825073,21.0868
r_0029No1,P47176,0.1216,629.1579,15.023110447761194,1.2496
r_0030No1,P38891,0.1216,629.1579,15.023110447761194,1.2496
r_0032No1,P32179,0.083,173.5025,22.61877878787879,0.9488
arm_r_0033,P22434,0.0334,346.407,13.242431746031746,3.8325
arm_r_0033,P06776,0.0397,126.3554,5.839536686390533,2.0196
r_0034No1,P06776,0.0281,96.0909,5.121110059171597,0.458
r_0035No1,P06776,0.0327,82.1336,4.777532840236686,1.0888
r_0037No1,P06776,0.0197,165.7937,6.881360650887574,0.9415
r_0038No1,Q99258,0.0063,219.9427,11.853605151515152,5.9156
r_0041No1,P38342,0.0491,69.6404,7.05355,1.4882
arm_r_0042,P32449,0.0306,39.73,3.4581553935860057,2.0123
arm_r_0042,P14843,0.0306,39.73,3.4581553935860057,2.0123
r_0044No1,P33751,0.5435,1103.8262,115.33355205479452,528.3112
r_0044No1,Q03034,0.1261,78.3095,11.101516438356164,0.471
r_0059No1,P32643,0.017,112.9986,7.7565612794612795,26.9145
r_0061No1,P04173,0.2108,68.4437,11.12412055214724,10.7233
r_0063No1,P38122,0.0413,525.7231,28.74768302469136,1.2496
arm_r_0064,Q07471,0.1211,102.0544,7.985945882352941,1.2496
arm_r_0064,P26263,0.1211,102.0544,7.985945882352941,1.2496
arm_r_0064,P06169,0.1211,102.0544,7.985945882352941,1.2496
arm_r_0064,P16467,0.1211,102.0544,7.985945882352941,1.2496
r_0066No1,P37254,0.1142,36.5914,4.13140118694362,2.3146
r_0067No1,Q03266,0.1339,198.6323,6.223055483870968,2.7725
r_0068No1,P17649,0.1777,335.7137,24.6308006006006,1.2496
r_0069No1,P16120,0.9823,115.2988,9.4840716374269,2.3298
r_0072No1,Q07471,0.2427,195.9416,14.798525294117647,1.2496
arm_r_0073,Q06685,0.5611,132.4713,22.158273469387755,3.0596
arm_r_0073,Q99321,0.0033,4098.7871,93.13641766467066,296.6937
r_0074No1,Q12494,0.4404,416.9348,36.28094588235294,20.8387
r_0075No1,Q07938,0.0043,562.2901,16.052941592920355,31.1971
r_0077No1,Q99312,0.0397,160.1967,4.776375324675325,0.6388
r_0079No1,P38972,0.9076,23.2052,5.585902923976608,13.3406
arm_r_0080,P53128,0.4415,358.2046,17.52329880239521,2.7058
arm_r_0080,P46151,0.4885,99.2746,13.367040175953079,4.9157
r_0081No1,P09950,0.1163,1.6647,0.6040970674486803,0.5271
r_0082No1,Q99321,0.0175,2145.8921,41.21050958083832,127.4666
r_0083No1,Q12494,0.1068,194.8427,17.40482705882353,9.2634
r_0084No1,P40099,0.0117,208.5002,13.554886229508197,0.0846
r_0085No1,P05694,0.0832,25.1375,2.6463128279883383,2.0093
r_0087No1,Q06489,0.0664,215.853,16.782620807453416,74.6984
r_0088No1,Q06685,0.1767,65.7947,8.332953644314868,0.5019
r_0089No1,Q06685,0.1767,65.7947,8.332953644314868,0.5019
arm_r_0090,P40433,0.3488,564.5621,21.987239941690962,2.036
arm_r_0090,Q12471,0.3488,564.5621,21.987239941690962,2.036
arm_r_0092,Q06685,0.5611,132.4713,22.158273469387755,3.0596
arm_r_0092,Q99321,0.0033,4098.7871,93.13641766467066,296.6937
r_0093No1,Q12494,0.4451,127.2842,12.88019794117647,7.0285
arm_r_0095,P26263,0.2325,167.463,13.411943823529413,1.2496
arm_r_0095,P06169,0.2325,167.463,13.411943823529413,1.2496
arm_r_0095,P16467,0.2325,167.463,13.411943823529413,1.2496
arm_r_0097,P07342,0.7002,81.4071,8.98248833819242,1.2496
r_0105No1,P27796,0.0223,104.0863,7.1534569277108435,1.0309
r_0108No1,P32874,1.9937,24.4259,5.71592606060606,5.4502
r_0109No1,Q00955,1.9937,24.4259,5.71592606060606,5.4502
arm_r_0112,Q01574,0.3015,248.4744,7.9450186588921285,1.2496
arm_r_0112,P52910,0.3015,248.4744,7.9450186588921285,1.2496
r_0113No1,Q01574,0.3015,248.4744,7.9450186588921285,1.2496
r_0114No1,P52910,0.3015,248.4744,7.9450186588921285,1.2496
r_0118No1,P18544,1.0394,67.6138,7.422510979228487,2.1357
r_0126No1,P25628,0.0071,66.8131,2.211510835913313,1.4882
r_0131No1,P25628,0.0071,66.8131,2.211510835913313,1.4882
r_0138No1,P53909,0.0997,204.4766,23.331839245283017,101.1384
arm_r_0139,P36973,0.0368,308.9621,20.017924852071005,13.2619
arm_r_0139,P49435,0.0368,308.9621,20.017924852071005,13.2619
r_0140No1,P53909,0.1018,117.5484,14.882536981132075,60.5409
r_0142No1,P47143,0.0319,75.701,4.5452268656716415,1.0753
r_0144No1,P39954,0.1265,14.3532,2.9757035087719297,1.4882
r_0145No1,P21182,0.0186,89.5479,5.073400615384616,1.4882
r_0146No1,P50277,0.4116,58.2499,9.340491764705883,13.9815
r_0147No1,P08678,0.4654,26.9802,4.382269387755102,2.3929
arm_r_0148,Q12055,0.013,560.9395,32.45506326530612,25.1469
arm_r_0148,P07170,0.013,560.9395,32.45506326530612,25.1469
r_0149No1,P26364,0.0319,1632.833,44.00303915662651,110.4683
r_0150No1,P26364,0.0319,1632.833,44.095768674698796,110.4683
r_0152No1,Q05911,0.0878,49.3488,7.144675588235294,18.941
r_0153No1,P80210,0.2911,198.9438,10.031379472140763,2.752
r_0154No1,Q02196,0.0819,2469.9997,124.28425531914894,48.1938
r_0155No1,P53314,0.0383,651.226,40.497705670103095,7.3337
r_0156No1,P43567,0.2886,162.6206,12.750827331189711,12.8533
r_0157No1,P40825,0.7943,57.7185,7.799294460641399,6.7339
arm_r_0158,P53296,0.2623,27.6565,6.0705141176470585,5.8455
arm_r_0158,P40353,0.2623,27.6565,6.0705141176470585,5.8455
arm_r_0160,P53296,0.2623,27.6565,6.0705141176470585,5.8455
arm_r_0160,P40353,0.2623,27.6565,6.0705141176470585,5.8455
arm_r_0161,P53296,0.2623,27.6565,6.0705141176470585,5.8455
arm_r_0161,P40353,0.2623,27.6565,6.0705141176470585,5.8455
arm_r_0162,P53296,0.2623,27.6565,6.0705141176470585,5.8455
arm_r_0162,P40353,0.2623,27.6565,6.0705141176470585,5.8455
r_0163No1,P00331,1.5975,423.9412,48.159901461988305,153.78
arm_r_0164,P38715,0.025,144.8822,10.48172448979592,5.0859
arm_r_0165,P10127,0.8556,1213.9144,120.21673801169591,458.7321
arm_r_0165,P07246,0.8556,1213.9144,120.21673801169591,458.7321
arm_r_0166,P38113,0.5024,1109.5734,92.49445321637427,458.7321
arm_r_0166,P32771,0.1706,300.054,35.535309329446065,186.7792
arm_r_0166,P00330,0.5024,1109.5734,92.49445321637427,458.7321
arm_r_0167,P10127,0.5024,1109.5734,92.49445321637427,458.7321
arm_r_0167,P07246,0.5024,1109.5734,92.49445321637427,458.7321
arm_r_0168,P25377,0.186,1379.5128,31.40365451612903,5.058
arm_r_0168,Q04894,0.186,1379.5128,31.40365451612903,5.058
arm_r_0169,P38113,0.8556,1213.9144,120.21673801169591,458.7321
arm_r_0169,P32771,0.1706,300.054,36.926121865889215,186.7792
arm_r_0169,P00330,0.8556,1213.9144,120.21673801169591,458.7321
arm_r_0170,P10127,0.8556,1213.9144,120.21673801169591,458.7321
arm_r_0170,P07246,0.8556,1213.9144,120.21673801169591,458.7321
arm_r_0171,P25377,0.186,1379.5128,31.40101322580645,5.058
arm_r_0171,Q04894,0.186,1379.5128,31.40101322580645,5.058
arm_r_0172,Q04458,0.5823,86.1231,8.165242987804877,8.1893
arm_r_0172,P54114,0.5823,86.1231,8.165242987804877,8.1893
arm_r_0172,P47771,0.5823,86.1231,8.165242987804877,8.1893
arm_r_0179,P38113,0.8556,1213.9144,120.21673801169591,458.7321
arm_r_0179,P32771,0.1706,300.054,36.926121865889215,186.7792
arm_r_0179,P00330,0.8556,1213.9144,120.21673801169591,458.7321
arm_r_0180,P10127,0.8556,1213.9144,120.21673801169591,458.7321
arm_r_0180,P07246,0.8556,1213.9144,120.21673801169591,458.7321
arm_r_0182,P38113,0.8556,1213.9144,120.21673801169591,458.7321
arm_r_0182,P32771,0.1706,300.054,36.926121865889215,186.7792
arm_r_0182,P00330,0.8556,1213.9144,120.21673801169591,458.7321
arm_r_0183,P10127,0.8556,1213.9144,120.21673801169591,458.7321
arm_r_0183,P07246,0.8556,1213.9144,120.21673801169591,458.7321
arm_r_0184,P25377,0.186,1379.5128,31.40094129032258,5.058
arm_r_0184,Q04894,0.186,1379.5128,31.40094129032258,5.058
arm_r_0185,P54114,0.5823,86.1231,8.165242987804877,8.1893
arm_r_0185,P47771,0.5823,86.1231,8.165242987804877,8.1893
arm_r_0186,P38113,0.5024,1109.5734,92.49445321637427,458.7321
arm_r_0186,P32771,0.1706,300.054,36.926121865889215,186.7792
arm_r_0186,P00330,0.5024,1109.5734,92.49445321637427,458.7321
arm_r_0187,P10127,0.5024,1109.5734,92.49445321637427,458.7321
arm_r_0187,P07246,0.5024,1109.5734,92.49445321637427,458.7321
r_0188No1,P11491,0.0559,39.9762,4.416258044164038,0.4232
r_0189No1,P25335,2.5257,14170.0749,1064.8641037974683,199.2586
arm_r_0199,P22580,0.0188,69.033,4.516060913705584,1.4882
arm_r_0199,Q03557,0.0142,47.6358,2.2119354838709677,1.4882
r_0202No1,P07285,0.0084,158.8876,9.016720625,1.4882
r_0203No1,P00899,0.2542,57.5879,6.9273140762463346,2.2807
r_0203No1,P00937,0.2542,57.5879,6.9273140762463346,2.2807
r_0205No1,P38715,0.025,144.8822,10.48172448979592,5.0859
r_0208No1,P22768,0.0811,57.3527,8.049649560117302,7.1466
r_0209No1,Q05506,0.1153,72.9016,9.948153235294118,0.8268
r_0210No1,P38714,0.1153,72.9016,9.948153235294118,0.8268
arm_r_0211,P49090,0.3864,102.2704,6.900088888888889,1.4939
arm_r_0211,P49089,0.3864,102.2704,6.900088888888889,1.4939
r_0212No1,P38707,0.0745,65.3469,5.820825072886297,0.7143
r_0213No1,P25345,0.0745,65.3469,5.820825072886297,0.7143
r_0215No1,P10869,0.0534,122.5027,8.536783333333334,3.8693
r_0216No1,P23542,0.2353,404.5081,32.654065789473684,1.8152
r_0217No1,Q01802,0.1856,182.4893,8.515519005847953,1.7494
r_0218No1,P23542,0.2353,404.5081,32.654065789473684,1.8152
r_0219No1,P13663,0.3264,246.4633,23.55897026239067,120.0951
r_0220No1,P04802,0.3929,123.4066,10.146283381924198,4.0405
r_0221No1,P15179,0.3929,123.4066,10.146283381924198,4.0405
r_0222No1,P22108,0.0219,125.7437,9.730634984520124,34.1203
r_0223No1,P16550,0.0219,125.7437,9.730634984520124,34.1203
r_0224No1,P16550,0.012,92.8265,5.924959442724458,1.4882
r_0225No1,P00498,0.0499,33.6088,4.450081972789116,2.9716
arm_r_0226,P00830,0.0376,83.4943,17.227869794721407,28.3431
arm_r_0227,P05030,2.7727,4.0656,3.4069333333333334,3.3825
arm_r_0227,P19657,2.7727,4.0656,3.4069333333333334,3.3825
arm_r_0227,P40009,0.0487,68.8362,7.8108901587301585,7.454
r_0229No1,P32451,0.0063,103.5266,3.9326809885931557,0.4138
r_0233No1,P54781,0.0501,68.8286,6.839770919881306,1.1793
r_0234No1,P53199,0.3052,297.5636,17.508532748538013,4.1727
r_0235No1,P53199,0.2828,309.1182,17.452204970760235,3.7492
r_0242No1,P32353,0.2471,408.0793,26.536933846153847,18.017
r_0244No1,P25340,0.4943,1548.6251,29.04216862170088,3.1006
r_0249No1,P22007,0.0029,172.0449,7.872037662337663,1.2496
r_0249No1,P29703,0.0029,172.0449,7.872037662337663,1.2496
r_0250No1,P07259,0.0808,141.9533,10.507480547112461,7.6796
r_0250No1,P03965,0.0808,141.9533,10.507480547112461,7.6796
r_0250No1,P07258,0.0808,141.9533,10.507480547112461,7.6796
r_0259No1,P38992,0.0514,369.0857,15.370247813411078,7.1305
r_0261No1,P38992,0.0514,369.0857,15.683255976676385,7.1305
r_0273No1,P20485,0.1995,145.6032,6.592745808383233,1.342
r_0274No1,P13259,0.0243,345.8389,15.245078443113773,1.2496
r_0278No1,P32178,0.013,484.7082,19.862473475609757,38.9
arm_r_0281,P35196,0.0071,149.795,1.509419298245614,1.4882
arm_r_0281,Q03175,0.0071,149.795,1.509419298245614,1.4882
arm_r_0282,P35196,0.0115,404.3191,11.262805263157894,0.1613
arm_r_0282,Q03175,0.0115,404.3191,11.262805263157894,0.1613
arm_r_0283,P35196,0.0115,404.3191,11.262805263157894,0.1613
arm_r_0283,Q03175,0.0115,404.3191,11.262805263157894,0.1613
arm_r_0284,P35196,0.0115,404.3191,11.262805263157894,0.1613
arm_r_0284,Q03175,0.0115,404.3191,11.262805263157894,0.1613
arm_r_0285,P35196,0.0115,404.3191,11.262805263157894,0.1613
arm_r_0285,Q03175,0.0115,404.3191,11.262805263157894,0.1613
arm_r_0286,P35196,0.0115,404.3191,11.262805263157894,0.1613
arm_r_0286,Q03175,0.0115,404.3191,11.262805263157894,0.1613
arm_r_0287,P35196,0.0115,404.3191,11.262805263157894,0.1613
arm_r_0287,Q03175,0.0115,404.3191,11.262805263157894,0.1613
arm_r_0288,P35196,0.0115,404.3191,11.262805263157894,0.1613
arm_r_0288,Q03175,0.0115,404.3191,11.262805263157894,0.1613
arm_r_0289,P35196,0.0115,404.3191,11.262805263157894,0.1613
arm_r_0289,Q03175,0.0115,404.3191,11.262805263157894,0.1613
arm_r_0290,P35196,0.0115,404.3191,11.262805263157894,0.1613
arm_r_0290,Q03175,0.0115,404.3191,11.262805263157894,0.1613
arm_r_0291,P35196,0.0115,404.3191,11.262805263157894,0.1613
arm_r_0291,Q03175,0.0115,404.3191,11.262805263157894,0.1613
arm_r_0292,P35196,0.0115,404.3191,11.262805263157894,0.1613
arm_r_0292,Q03175,0.0115,404.3191,11.262805263157894,0.1613
arm_r_0293,P35196,0.0115,404.3191,11.262805263157894,0.1613
arm_r_0293,Q03175,0.0115,404.3191,11.262805263157894,0.1613
arm_r_0294,P35196,0.0115,404.3191,11.262805263157894,0.1613
arm_r_0294,Q03175,0.0115,404.3191,11.262805263157894,0.1613
arm_r_0295,P35196,0.0115,404.3191,11.262805263157894,0.1613
arm_r_0295,Q03175,0.0115,404.3191,11.262805263157894,0.1613
arm_r_0296,P35196,0.0115,404.3191,11.262805263157894,0.1613
arm_r_0296,Q03175,0.0115,404.3191,11.262805263157894,0.1613
arm_r_0297,P35196,0.0115,404.3191,11.262805263157894,0.1613
arm_r_0297,Q03175,0.0115,404.3191,11.262805263157894,0.1613
arm_r_0298,P35196,0.0115,404.3191,11.262805263157894,0.1613
arm_r_0298,Q03175,0.0115,404.3191,11.262805263157894,0.1613
arm_r_0299,P35196,0.0115,404.3191,11.262805263157894,0.1613
arm_r_0299,Q03175,0.0115,404.3191,11.262805263157894,0.1613
arm_r_0300,P00890,0.1403,97.702,9.20652419825073,21.0868
arm_r_0300,P43635,0.1403,97.702,9.20652419825073,21.0868
arm_r_0306,P28274,0.2769,348.0161,39.40340262390671,21.793
arm_r_0306,P38627,0.2769,348.0161,39.40340262390671,21.793
arm_r_0307,P28274,0.2769,734.7845,68.94884606413994,1.2496
arm_r_0307,P38627,0.2769,734.7845,68.94884606413994,1.2496
arm_r_0308,P43623,0.096,71.0923,5.231045954692557,8.7833
arm_r_0308,P53101,0.096,71.0923,5.231045954692557,8.7833
r_0309No1,P32582,0.2788,75.3107,7.624437234042553,0.6932
r_0310No1,P31373,0.0593,37.1021,2.81296161971831,1.4882
r_0312No1,P06106,0.3642,809.8241,49.5152367781155,1.2496
r_0313No1,P53852,0.5764,87.3579,8.252233819241983,14.5986
r_0315No1,P27515,0.0007,294.6772,16.27695918367347,0.0395
r_0318No1,Q12178,0.0153,33601.7151,260.16444893617023,312.3645
r_0319No1,P54783,0.7382,1311.7221,72.95719641791045,13.4239
r_0320No1,Q04212,0.0261,74.3586,5.243891666666666,1.4882
r_0322,P14540,0.0212,47.4772,7.825801166180758,23.4592
arm_r_0323,Q07786,0.0253,50.3075,5.351697891566265,1.4882
arm_r_0323,P35497,0.0253,50.3075,5.351697891566265,1.4882
r_0326No1,P06773,0.0148,216.1998,9.095410233918129,0.8806
r_0327No1,P06773,0.0121,158.8346,6.698536549707602,0.6011
r_0328No1,P53909,0.0363,56.3093,8.090601886792452,1.4882
r_0329No1,Q06549,0.0041,393.777,24.24152431372549,0.021
r_0330No1,P15454,0.0922,700.7903,66.00422573099415,200.967
r_0331No1,P38791,0.1055,60.4966,3.318216666666667,0.6572
r_0332No1,P25332,0.4454,602.1672,31.11611388888889,13.5636
r_0334No1,Q03941,0.0144,494.1535,16.07779371257485,0.1357
r_0335No1,P53630,0.297,788.9848,90.559204,0.3891
r_0340No1,Q02896,0.0541,178.7695,7.286215384615384,1.4882
r_0342No1,Q02896,0.0481,161.9599,7.030473846153846,1.4882
r_0343No1,Q02896,0.048,162.8872,7.0600612307692305,1.4882
r_0344No1,P07807,0.0161,543.331,21.423991505791506,0.1293
r_0345No1,P07807,0.0161,543.331,21.423991505791506,0.1293
r_0346No1,Q12676,0.493,83.7925,7.799443859649123,12.2655
r_0349No1,P20051,0.6033,1568.7983,57.27069149560117,42.3714
r_0353No1,P39522,0.0475,17.5287,2.9999955489614245,1.737
r_0355No1,P08524,0.0673,103.46,4.738608504398827,1.4882
r_0358No1,Q12494,0.1068,194.8427,17.40482705882353,9.2634
r_0359No1,P32469,0.0983,52.4024,8.293725146198831,0.2161
r_0360No1,P20048,0.0408,102.526,7.298606535947712,0.4092
r_0363No1,P00572,0.0151,2124.3965,46.14264789156626,4.323
arm_r_0364,P47119,0.0135,191.0505,16.665214285714285,0.0293
arm_r_0364,P33317,0.0253,48.076,9.76824375,48.076
arm_r_0366,P0CX11,1.1263,178.5623,24.76994548104956,19.6763
arm_r_0366,P00924,1.1263,178.5623,24.76994548104956,19.6763
arm_r_0366,P00925,1.1263,178.5623,24.76994548104956,19.6763
arm_r_0366,P42222,1.1263,178.5623,24.76994548104956,19.6763
arm_r_0366,P0CX10,1.1263,178.5623,24.76994548104956,19.6763
arm_r_0368,Q03764,0.4822,16.2841,7.2156375,16.2841
arm_r_0368,P20485,0.1995,145.6032,6.592745808383233,1.342
r_0369No1,P41734,0.0134,164.0515,11.229535087719299,1.2496
r_0373No1,Q12051,0.011,116.7602,5.138272941176471,1.4882
r_0399No1,P39518,0.0975,101.7503,9.321110566037735,0.2203
r_0400No1,P39518,0.3009,116.4361,16.637979300291544,5.5018
r_0402No1,P39518,0.3009,116.4361,16.637979300291544,5.5018
r_0410No1,P39518,0.0975,101.7503,9.321110566037735,0.2203
r_0412No1,P39518,0.3009,116.4361,16.637979300291544,5.5018
r_0439No1,P00163,0.012,333.346,15.88896472303207,1.4882
r_0439No1,P08067,0.012,333.346,15.88896472303207,1.4882
r_0439No1,P07143,0.012,333.346,15.88896472303207,1.4882
r_0440No1,P38913,0.005,228.639,11.955232492113565,1.2158
r_0441No1,Q07923,0.0233,1109.9945,44.81879156626506,24.6368
r_0443No1,P32771,0.2728,104.8278,14.91245918367347,66.1717
r_0445No1,Q08911,0.0292,20.2844,3.2182321285140563,1.1393
r_0449No1,P09201,0.276,272.9435,29.81486493902439,11.3321
r_0450No1,P14540,0.0174,56.5839,8.973283381924197,27.9572
r_0453No1,P28272,0.7313,156.3356,28.68299850746269,33.0881
r_0458No1,P04385,0.0525,111.9382,5.699493721973094,1.857
r_0459No1,P08431,0.1916,643.7559,20.17703148148148,20.4683
r_0460No1,P32477,0.5006,60.0434,5.85277994100295,2.8134
r_0462No1,P08524,0.0409,6.5056,0.7482436950146627,1.4882
r_0466No1,P11412,0.1197,114.032,4.783908187134503,1.4882
r_0468No1,P32264,0.5268,167.9979,12.4712,2.7099
r_0470No1,P33327,0.0134,50.8442,3.6556460641399418,2.4326
arm_r_0471,P39708,0.3694,153.124,22.332645180722892,1.2496
arm_r_0471,P07262,0.3694,153.124,22.332645180722892,1.2496
r_0472No1,Q12680,1.6846,92.0585,13.811456932153392,18.8507
r_0473No1,P54885,0.4392,109.9787,15.888399696969698,4.5116
arm_r_0475,P43544,0.0538,118.2971,14.570011524163569,4.4386
arm_r_0475,P53823,0.0538,118.2971,14.570011524163569,4.4386
r_0476No1,P32288,1.2496,3052.8563,134.63587346938775,1.2496
arm_r_0477,A2P2R3,0.0362,16.6312,1.0305615160349855,0.3797
arm_r_0477,P14742,0.0362,16.6312,1.0305615160349855,0.3797
r_0478No1,P13188,0.2092,68.5692,7.336789212827989,2.2874
r_0479No1,P46655,0.0901,54.7968,3.5236679300291547,2.2842
r_0480No1,P48525,0.0901,54.7968,3.5236679300291547,2.2842
r_0485No1,Q08220,0.0363,66.1295,6.448374041297935,10.6363
arm_r_0486,P00359,0.3092,204.1118,28.014574486803518,11.9315
arm_r_0486,P00360,0.3092,204.1118,28.014574486803518,11.9315
arm_r_0486,P00358,0.3092,204.1118,28.014574486803518,11.9315
r_0487No1,P14065,0.061,140.7142,10.25458985074627,7.9675
r_0488No1,P32190,0.0844,147.5612,10.481532817337461,26.3181
arm_r_0489,P40106,0.0555,2675.0095,76.49126923076923,52.1662
arm_r_0489,P41277,0.0555,2675.0095,76.49126923076923,52.1662
r_0490No1,P32191,0.3486,147.6574,15.154511006289308,26.9046
arm_r_0491,Q00055,0.1411,148.143,12.966610882352942,1.2496
arm_r_0491,P41911,0.1411,148.143,12.966610882352942,1.2496
r_0492No1,P41911,0.1411,148.143,12.966610882352942,1.2496
r_0497No1,Q02979,0.1053,61.6064,6.311563742690058,1.2496
r_0499No1,P04161,0.0141,132.3036,8.1571275,1.9584
r_0501No1,P48015,0.3307,94.0745,10.18477205882353,4.0214
r_0501No1,P09624,0.3471,374.1807,32.66308746355685,25.7417
r_0501No1,P49095,0.3079,127.9099,5.23126160990712,2.7084
r_0504No1,P48015,0.0786,2.6801,0.5257636029411765,0.2547
r_0504No1,P09624,0.2914,714.3668,65.34341749271137,100.5408
r_0504No1,P49095,0.1417,1.7249,0.5946037151702787,0.3802
arm_r_0505,P48015,0.3307,94.0745,10.18477205882353,4.0214
arm_r_0505,P09624,0.3471,374.1807,32.66308746355685,25.7417
arm_r_0505,P49095,0.3079,127.9099,5.23126160990712,2.7084
arm_r_0505,P19262,0.0524,150.3526,4.43402973760933,2.1505
arm_r_0505,P20967,0.0359,20.5592,5.8901944606414,2.8429
r_0506No1,P48015,0.0786,2.6801,0.5257636029411765,0.2547
r_0506No1,P09624,0.1783,2.7074,0.6563024767801857,1.4882
r_0506No1,P49095,0.1417,1.7249,0.5946037151702787,0.3802
r_0508No1,P48015,0.3307,94.0745,10.18477205882353,4.0214
r_0508No1,P09624,0.3471,374.1807,32.66308746355685,25.7417
r_0508No1,P49095,0.3079,127.9099,5.23126160990712,2.7084
r_0509No1,P48015,0.4508,133.5558,13.049313970588235,19.9791
r_0509No1,P09624,0.5077,139.2728,16.469316099071207,28.4285
r_0509No1,P49095,0.4464,178.5958,6.317522291021672,3.2254
r_0511No1,P06738,0.118,50.0335,4.987047076923077,1.6835
arm_r_0512,P38088,0.4324,21.0981,4.02112865497076,5.7545
arm_r_0512,Q06817,0.4324,21.0981,4.02112865497076,5.7545
r_0514No1,P38625,0.7684,54.5907,5.558463929618768,2.856
r_0519No1,P47088,0.0069,59.9553,2.5830178294573645,1.4882
r_0521No1,P38211,0.0157,201.6632,7.712026717557252,27.9331
r_0522No1,P30777,0.0249,1319.7874,14.334493939393939,1.4882
r_0524No1,P51601,0.0047,52.7809,2.646149848024316,0.5153
r_0525No1,P38066,0.0317,175.6034,8.608882991202346,0.6558
r_0528No1,P15454,0.0922,700.7903,65.96441959064327,200.967
r_0529No1,P15454,0.0922,700.7903,65.96441959064327,200.967
arm_r_0530,P48360,0.0886,204.739,13.577494427244583,6.7535
r_0531No1,P21592,0.011,116.7602,5.138272941176471,1.4882
r_0532No1,P27697,0.1601,87.076,8.474792082111437,5.3513
r_0532No1,P53318,0.0909,55.5271,5.843073252279635,1.4882
r_0532No1,P49017,0.0749,61.1462,7.933956481481482,1.4882
r_0532No1,P41735,0.0238,100.2033,6.9637498480243165,1.4882
arm_r_0533,Q06204,0.0229,121.8617,7.96441433447099,5.6822
arm_r_0533,P04806,0.0868,70.9177,9.708642899408284,5.8099
arm_r_0533,P04807,0.0868,70.9177,9.708642899408284,5.8099
arm_r_0534,Q06204,0.0229,121.8617,7.96441433447099,5.6822
arm_r_0534,P17709,0.0723,32.3098,4.46706328358209,2.714
arm_r_0534,P04806,0.0868,70.9177,9.708642899408284,5.8099
arm_r_0534,P04807,0.0868,70.9177,9.708642899408284,5.8099
arm_r_0535,Q06204,0.0229,121.8617,7.96441433447099,5.6822
arm_r_0535,P04806,0.0868,70.9177,9.708642899408284,5.8099
arm_r_0535,P04807,0.0868,70.9177,9.708642899408284,5.8099
r_0537No1,P38635,0.1845,202.478,18.468613354037267,2.4785
r_0538No1,P07172,0.1032,172.8866,5.754054572271387,0.7463
r_0539No1,P07263,0.8064,131.8635,14.591255976676385,5.731
r_0540No1,P07263,0.8064,131.8635,14.591255976676385,5.731
r_0541No1,P38074,0.0212,147.5975,10.651525806451613,36.0503
arm_r_0542,P39533,5.4366,2102.0641,262.8849142857143,203.9421
arm_r_0542,P49367,1.1075,2612.678,88.63051228070175,1.2496
r_0543No1,P48570,0.1311,34.152,2.1742038235294117,1.3305
arm_r_0544,Q12525,0.0459,97.1429,7.916022957198444,7.0039
arm_r_0544,Q08985,0.0459,97.1429,7.916022957198444,7.0039
r_0545No1,P40495,0.0227,11.8078,1.126672256097561,1.4882
r_0546No1,P31116,0.1208,566.4244,26.644138011695908,8.7805
r_0547No1,P31116,0.1208,566.4244,26.644138011695908,8.7805
r_0548No1,P17423,0.0674,62.0165,6.665857232704402,5.966
r_0549No1,P08465,0.1922,148.8567,11.556795341614906,0.5535
arm_r_0550,Q04120,0.1129,24179.1314,869.837319939577,1.2496
arm_r_0552,P38013,0.1129,24179.1314,869.837319939577,1.2496
r_0555No1,P32378,0.0012,560.7138,15.64443649851632,1.2496
r_0557No1,P28789,0.0316,35.9755,2.2567982142857144,1.4882
r_0563No1,P33734,2.5065,153.8182,21.173682595870208,27.3017
r_0564No1,P06633,0.0487,382.144,13.446768072289156,21.2133
arm_r_0565,P38697,0.0412,34.642,3.1976008746355684,0.7059
arm_r_0565,P50095,0.0412,34.642,3.1976008746355684,0.7059
arm_r_0565,P50094,0.0412,34.642,3.1976008746355684,0.7059
arm_r_0567,P26263,0.0213,65.7352,5.638384117647059,1.2496
arm_r_0567,P06169,0.0213,65.7352,5.638384117647059,1.2496
arm_r_0567,P16467,0.0213,65.7352,5.638384117647059,1.2496
r_0568No1,P00817,0.0198,811.1672,58.62161906158358,23.5401
r_0569No1,P28239,0.0198,811.1672,58.62161906158358,23.5401
r_0571No1,Q06667,0.0167,12897.4439,64.66289489051096,0.0507
r_0596No1,P40015,0.0304,73.8099,6.047237993920973,2.804
r_0597No1,P40015,0.0322,78.805,6.4424310030395135,6.945
r_0598No1,P40015,0.0291,75.7106,6.164412462006079,0.1112
r_0599No1,P40015,0.0291,74.9277,6.1018288753799395,0.2562
r_0600No1,P40015,0.0337,81.0459,6.609285410334347,0.2849
r_0601No1,P40015,0.0335,80.0354,6.527292401215806,0.128
r_0602No1,P40015,0.0305,77.2059,6.26638358662614,0.2638
r_0603No1,P40015,0.0304,76.3633,6.200332522796352,2.5665
r_0604No1,P40015,0.0337,81.8107,6.635153799392097,1.9972
r_0605No1,P40015,0.0316,75.0336,6.108839817629179,0.1206
r_0606No1,P40015,0.0365,81.4011,6.736321276595745,1.68
r_0612No1,P40015,0.0365,84.5657,6.931567781155016,2.0168
r_0613No1,P40015,0.037,83.3469,6.834768996960486,2.0049
r_0614No1,P40015,0.0378,83.2002,6.831865349544073,2.0195
r_0616No1,P40015,0.039,63.5419,5.369469908814589,0.3282
r_0617No1,P40015,0.0385,63.205,5.3302407294832825,0.3245
r_0618No1,P40015,0.0398,71.5672,5.9781516717325225,0.1519
r_0619No1,P40015,0.0366,65.0464,5.421952887537994,0.5705
r_0620No1,P40015,0.0438,70.8487,5.934109118541033,1.664
r_0621No1,P40015,0.043,70.1974,5.876675987841946,0.56
r_0622No1,P40015,0.0418,73.1863,6.083427051671732,2.0301
r_0624No1,P40015,0.0437,71.7259,5.978501823708207,2.0336
r_0625No1,P40015,0.0429,71.0429,5.920096656534954,2.0457
r_0626No1,P40015,0.0304,73.8099,6.047237993920973,2.804
r_0627No1,P40015,0.0322,78.805,6.4424310030395135,6.945
r_0628No1,P40015,0.0291,75.7106,6.164412462006079,0.1112
r_0629No1,P40015,0.0291,74.9277,6.1018288753799395,0.2562
r_0630No1,P40015,0.0337,81.0459,6.609285410334347,0.2849
r_0631No1,P40015,0.0335,80.0354,6.527292401215806,0.128
r_0632No1,P40015,0.0305,77.2059,6.26638358662614,0.2638
r_0633No1,P40015,0.0304,76.3633,6.200332522796352,2.5665
r_0634No1,P40015,0.0337,81.8107,6.635153799392097,1.9972
r_0635No1,P40015,0.0316,75.0336,6.108839817629179,0.1206
r_0636No1,P40015,0.0365,81.4011,6.736321276595745,1.68
r_0642No1,P40015,0.0365,84.5657,6.931567781155016,2.0168
r_0643No1,P40015,0.037,83.3469,6.834768996960486,2.0049
r_0644No1,P40015,0.0378,83.2002,6.831865349544073,2.0195
r_0646No1,P40015,0.039,63.5419,5.369469908814589,0.3282
r_0647No1,P40015,0.0385,63.205,5.3302407294832825,0.3245
r_0648No1,P40015,0.0398,71.5672,5.9781516717325225,0.1519
r_0649No1,P40015,0.0366,65.0464,5.421952887537994,0.5705
r_0650No1,P40015,0.0438,70.8487,5.934109118541033,1.664
r_0651No1,P40015,0.043,70.1974,5.876675987841946,0.56
r_0652No1,P40015,0.0418,73.1863,6.083427051671732,2.0301
r_0654No1,P40015,0.0437,71.7259,5.978501823708207,2.0336
r_0655No1,P40015,0.0429,71.0429,5.920096656534954,2.0457
r_0656No1,P41734,0.0108,92.641,6.4087035087719295,1.2496
r_0657No1,P41734,0.0071,50.6571,2.4576368421052632,0.0594
r_0658No1,P28834,0.5035,169.5189,19.74621046153846,4.8897
r_0658No1,P28241,0.5035,169.5189,19.74621046153846,4.8897
r_0659No1,P41939,0.41,16.956,4.630026530612245,1.4882
r_0661No1,P53982,0.41,16.956,4.630026530612245,1.4882
r_0662No1,P28240,1.5071,472.8093,54.79010449101796,80.7777
r_0663No1,P47176,0.1726,1372.4563,33.607326865671645,1.2496
r_0664No1,P38891,0.1726,1372.4563,33.607326865671645,1.2496
r_0665No1,P09436,0.531,40.9593,6.2453787172011666,16.6812
r_0666No1,P48526,0.531,40.9593,6.2453787172011666,16.6812
r_0667No1,P15496,0.0041,201.5537,8.250084818481849,14.3808
r_0668No1,P53312,0.0337,293.1869,14.202085628742514,3.1115
r_0668No1,P53598,0.0337,293.1869,14.202085628742514,3.1115
r_0672No1,P07275,0.0634,49.1588,5.039833137829912,1.4882
r_0673No1,P07275,0.0634,49.1588,5.039833137829912,1.4882
r_0674No1,P52893,0.3605,789.6688,28.188415497076022,1.2496
r_0675No1,P37303,0.2067,85.7364,8.247939221556885,18.3553
r_0678No1,P50113,0.0222,395.602,18.31398625592417,2.7991
r_0681No1,P23542,0.2353,404.5081,32.654065789473684,1.8152
r_0682No1,Q01802,0.2353,404.5081,32.654065789473684,1.8152
r_0683No1,P23542,0.2353,404.5081,32.654065789473684,1.8152
r_0687No1,P32263,0.011,158.7175,11.291515548780488,1.2496
arm_r_0688,P38715,0.025,144.8822,10.48172448979592,5.0859
r_0691No1,P35497,0.5389,153.0088,13.05718404255319,2.019
r_0692No1,P25379,0.504,103.972,10.27555029239766,22.3701
r_0693No1,P00927,0.504,103.972,10.27555029239766,22.3701
r_0697No1,P50107,0.623,5667.4458,239.62625807453415,250.91
r_0699No1,P47176,0.1726,1372.4563,33.607326865671645,1.2496
r_0700No1,P38891,0.1726,1372.4563,33.607326865671645,1.2496
r_0701No1,P26637,0.2634,88.889,9.913933236151603,3.9893
r_0702No1,P11325,0.2634,88.889,9.913933236151603,3.9893
r_0711No1,P15180,0.0106,98.5285,7.102241982507288,2.6143
r_0712No1,P32048,0.0106,98.5285,7.102241982507288,2.6143
r_0713No1,P17505,2.1583,1526.8389,88.05074810495627,7.5333
r_0714No1,P22133,2.1583,1526.8389,88.05074810495627,7.5333
r_0715No1,P32419,2.1583,1526.8389,88.05074810495627,7.5333
arm_r_0716,P21826,0.234,62.1075,6.704522580645161,3.2364
arm_r_0716,P30952,0.234,62.1075,6.704522580645161,3.2364
r_0717No1,P30952,0.234,62.1075,6.704522580645161,3.2364
r_0718No1,P36013,0.8945,81.0609,12.288425297619048,9.0384
r_0719No1,P36013,0.9231,80.9824,12.137343154761904,8.6443
r_0722No1,P41940,0.6051,140.2873,29.220542603550296,16.9991
arm_r_0726,P19358,0.86,88.8785,20.259944378698226,10.4742
arm_r_0726,P10659,0.86,88.8785,20.259944378698226,10.4742
r_0727No1,P05694,0.0832,25.1375,2.6463128279883383,2.0093
r_0728No1,P32785,0.0267,151.9007,13.138447335423198,0.456
r_0729No1,P00958,0.189,80.6706,6.1357300291545185,3.5975
r_0730No1,P22438,0.189,80.6706,6.1357300291545185,3.5975
r_0731No1,Q02046,0.0108,174.2309,10.711701176470589,1.4882
r_0735No1,P07277,0.2693,398.6579,17.964551063829788,3.7345
r_0736No1,P07277,0.14,580.5069,21.69563556231003,11.3198
r_0737No1,P07277,0.1298,260.4097,13.167705167173253,1.4882
r_0738No1,P07277,0.1207,285.8693,14.12128480243161,6.1286
r_0739No1,P32377,0.0376,51.2459,3.5346778523489935,0.4619
arm_r_0747,P38287,0.0497,77.1009,11.628448076923076,1.4882
arm_r_0747,P33300,0.0497,77.1009,11.628448076923076,1.4882
arm_r_0748,P38287,0.0497,77.1009,11.628448076923076,1.4882
arm_r_0748,P33300,0.0497,77.1009,11.628448076923076,1.4882
arm_r_0749,P38287,0.0497,77.1009,11.628448076923076,1.4882
arm_r_0749,P33300,0.0497,77.1009,11.628448076923076,1.4882
arm_r_0750,P38287,0.0497,77.1009,11.628448076923076,1.4882
arm_r_0750,P33300,0.0497,77.1009,11.628448076923076,1.4882
arm_r_0751,P38287,0.0497,77.1009,11.628448076923076,1.4882
arm_r_0751,P33300,0.0497,77.1009,11.628448076923076,1.4882
arm_r_0752,P38287,0.0497,77.1009,11.628448076923076,1.4882
arm_r_0752,P33300,0.0497,77.1009,11.628448076923076,1.4882
arm_r_0753,P38287,0.0497,77.1009,11.628448076923076,1.4882
arm_r_0753,P33300,0.0497,77.1009,11.628448076923076,1.4882
arm_r_0755,P38287,0.0497,77.1009,11.628448076923076,1.4882
arm_r_0755,P33300,0.0497,77.1009,11.628448076923076,1.4882
arm_r_0756,P38287,0.0497,77.1009,11.628448076923076,1.4882
arm_r_0756,P33300,0.0497,77.1009,11.628448076923076,1.4882
r_0763No1,P21595,0.0586,154.9562,9.752281081081081,2.0041
r_0764No1,P53164,0.0004,42.4185,3.7247869281045753,1.4882
arm_r_0765,P32622,0.0389,86.3821,5.136184437086093,18.8127
arm_r_0765,P21373,0.0352,35.7059,3.5301240384615387,1.4882
arm_r_0766,P32622,0.0389,86.3821,5.136184437086093,18.8127
arm_r_0766,P21373,0.0352,35.7059,3.5301240384615387,1.4882
arm_r_0766,Q06892,0.0389,86.3821,5.136184437086093,18.8127
arm_r_0767,P06700,0.2114,214.0911,14.225420408163265,10.0659
arm_r_0767,P53688,0.2114,214.0911,14.225420408163265,10.0659
arm_r_0767,P53685,0.2114,214.0911,14.225420408163265,10.0659
arm_r_0767,P53687,0.2114,214.0911,14.225420408163265,10.0659
arm_r_0767,P53686,0.2114,214.0911,14.225420408163265,10.0659
r_0768No1,P38795,0.0697,34.7799,4.3991897660818715,1.4377
r_0769No1,P38795,0.0697,34.7799,4.3991897660818715,1.4377
arm_r_0770,Q07500,0.1196,206.8358,15.684690379008746,33.4991
arm_r_0770,P40215,0.1196,206.8358,15.684690379008746,33.4991
arm_r_0771,P32622,0.0294,206.6847,7.529095033112583,27.2909
arm_r_0771,P21373,0.0219,88.8561,4.408443269230769,3.7803
arm_r_0772,P32622,0.0294,206.6847,7.529095033112583,27.2909
arm_r_0772,P21373,0.0219,88.8561,4.408443269230769,3.7803
arm_r_0772,Q06892,0.0294,206.6847,7.529095033112583,27.2909
r_0773No1,P32340,0.1196,206.8358,15.684690379008746,33.4991
r_0774No1,P39683,0.0208,200.3951,11.467950505050505,10.3685
r_0775No1,P39683,0.0208,200.3951,11.467950505050505,10.3685
r_0781No1,P53184,0.0018,70.506,0.6610912337662338,0.0059
r_0782No1,Q05874,0.0212,147.5975,10.651525806451613,36.0503
arm_r_0783,P25576,0.0738,1145.0,27.38210874125874,4.7619
arm_r_0783,Q06178,0.0738,1145.0,27.38210874125874,4.7619
arm_r_0784,P53204,0.0738,1145.0,27.38210874125874,4.7619
arm_r_0784,Q06178,0.0738,1145.0,27.38210874125874,4.7619
arm_r_0785,P53204,0.0738,1145.0,27.38210874125874,4.7619
arm_r_0785,Q06178,0.0738,1145.0,27.38210874125874,4.7619
r_0786No1,P43619,0.0084,4233.2059,20.260257654723127,4.2744
r_0787No1,P43619,0.0084,4233.2059,20.260257654723127,4.2744
r_0788No1,P40009,0.0399,65.5239,7.633225079365079,1.5543
r_0789No1,P40009,0.0218,43.7027,5.197441904761905,1.7265
r_0790No1,P40009,0.02,46.2015,6.181356507936508,1.9066
r_0791No1,P32621,0.0491,39.4359,4.008262089552239,1.4882
r_0792No1,P40009,0.0227,79.9708,9.351340952380953,1.9874
r_0795No1,P36010,0.0143,378.0148,37.671582716049386,13.0904
r_0796No1,P36010,0.0143,378.0148,37.671582716049386,13.0904
r_0797No1,P36010,0.0346,618.3119,56.03250740740741,13.8417
r_0798No1,P36010,0.0346,618.3119,56.03250740740741,13.8417
r_0799No1,P36010,0.0346,618.3119,56.03250740740741,13.8417
r_0800No1,P36010,0.0346,618.3119,56.03250740740741,13.8417
r_0801No1,P36010,0.0143,378.0148,37.671582716049386,13.0904
r_0802No1,P36010,0.0143,378.0148,37.671582716049386,13.0904
r_0803No1,P36010,0.0346,618.3119,56.03250740740741,13.8417
arm_r_0804,P39730,0.053,24.7426,4.811209090909091,13.4243
arm_r_0804,P54861,0.0866,62.9035,5.147736151603499,0.5002
arm_r_0804,P40009,0.028,49.2998,6.2627009523809525,1.48
r_0805No1,P40009,0.0265,52.4502,6.767093650793651,1.7075
r_0806No1,P40009,0.0295,81.6863,9.374220317460317,1.1636
r_0807No1,P40009,0.0448,51.3838,7.04892126984127,1.8374
r_0810No1,P32621,0.0544,37.4678,3.4661020895522388,1.4882
r_0811No1,P36010,0.0143,378.0148,37.671582716049386,13.0904
arm_r_0815,Q04533,0.561,28.1011,3.0122712460063896,1.4882
arm_r_0815,P31373,0.0101,98.3495,4.299753873239436,0.531
r_0816No1,P05150,0.4136,1069.7521,49.27625102639296,159.6254
r_0819No1,P07991,0.4775,174.1477,12.799946153846154,1.2496
arm_r_0820,P13298,0.0076,109.1387,5.263071386430679,0.0432
arm_r_0820,P30402,0.0076,109.1387,5.263071386430679,0.0432
r_0821No1,P03962,0.0546,56.4708,4.517989735099338,5.2555
r_0832No1,P19262,0.0918,1215.2649,15.369258309037901,1.2496
r_0832No1,P09624,0.2914,714.3668,65.34341749271137,100.5408
r_0832No1,P20967,0.1604,126.5295,22.759037317784255,1.2496
r_0841No1,P53332,0.0308,341.317,10.39463746130031,5.8051
r_0842No1,Q04430,0.0061,180.0775,6.789280882352941,10.1957
r_0852No1,P15625,0.1517,320.3509,15.043497959183673,57.3235
r_0852No1,P15624,0.1517,320.3509,15.043497959183673,57.3235
r_0853No1,P08425,0.1517,320.3509,15.043497959183673,57.3235
arm_r_0883,P18408,0.0471,234.2411,14.838266871165644,0.1184
r_0884No1,P10963,0.6177,15.8533,3.2313483483483485,3.6538
r_0885No1,P33412,0.0301,104.1364,10.548710850439882,10.936
arm_r_0886,P16862,0.7196,77.6619,11.52077026239067,6.8492
arm_r_0886,P16861,0.7196,77.6619,11.52077026239067,6.8492
arm_r_0887,P16862,0.7196,77.6619,11.52077026239067,6.8492
arm_r_0887,P16861,0.7196,77.6619,11.52077026239067,6.8492
arm_r_0889,P53319,2.1384,51.2634,10.90015218658892,7.5384
arm_r_0889,P38720,2.1384,51.2634,10.90015218658892,7.5384
r_0890No1,P38628,0.8449,51.2695,9.330799371069183,6.1036
arm_r_0891,P40054,0.073,25.0724,4.143322514619883,1.4882
arm_r_0891,P40510,0.073,25.0724,4.143322514619883,1.4882
r_0892No1,P00560,2.0498,118.8473,20.674819005847954,13.8539
r_0904No1,P24521,0.1412,139.7913,9.833337878787878,4.405
r_0905No1,P40506,0.015,155.1646,7.955154252199414,2.4019
arm_r_0907,P33401,0.5685,126.1688,18.780304678362572,44.4566
arm_r_0907,P37012,0.5685,126.1688,18.780304678362572,44.4566
arm_r_0907,Q03262,0.0502,289.0491,13.01314501510574,24.6256
r_0908No1,P27616,0.0438,126.326,13.696475595238095,13.7741
r_0911No1,P21264,0.303,357.4581,25.794611695906433,124.0626
r_0913No1,P00912,0.3055,252.3584,24.524970068027212,1.9695
r_0915No1,P04046,0.3697,107.446,11.623954599406527,51.2623
arm_r_0916,P32895,0.065,44.0278,6.330737900874635,2.6435
arm_r_0916,P38620,0.065,44.0278,6.330737900874635,2.6435
arm_r_0916,P38689,0.065,44.0278,6.330737900874635,2.6435
arm_r_0916,P38063,0.065,44.0278,6.330737900874635,2.6435
arm_r_0916,Q12265,0.065,44.0278,6.330737900874635,2.6435
r_0917No1,P42941,0.3077,353.0559,36.04927652733119,10.7375
r_0918No1,P33330,0.4346,194.8311,12.855180416666666,5.1434
r_0919No1,P38298,0.0541,178.7695,7.286215384615384,1.4882
r_0920No1,P21595,0.0228,36.7674,3.459437688442211,1.4882
r_0929No1,P50264,0.0724,226.2687,16.302075,6.7526
r_0935No1,P05373,0.1696,36.753,3.46366472303207,1.4882
r_0936No1,P50264,0.0724,226.2687,16.302075,6.7526
r_0937No1,P50264,0.0724,226.2687,16.302075,6.7526
r_0939No1,P20049,0.344,74.018,10.037542603550296,7.2024
r_0940No1,P09368,0.0829,217.8857,14.1909878125,41.2828
r_0941No1,P38708,0.0628,163.3275,7.795141982507289,2.8861
r_0942No1,P40012,0.2087,214.3853,22.892441853035145,27.4609
r_0943No1,Q04179,0.0124,231.4416,15.751102491103202,4.3479
r_0943No1,Q07938,0.0043,562.2901,15.361934821428571,31.1971
r_0943No1,Q05788,0.0442,717.2721,29.9427734375,1.2424
r_0949No1,Q05788,0.0442,717.2721,29.9427734375,1.2424
r_0950No1,Q05788,0.0442,717.2721,29.9427734375,1.2424
r_0951No1,Q05788,0.0442,717.2721,29.9427734375,1.2424
r_0953No1,P38075,0.0484,4057.1686,132.98338080495355,1.2496
r_0954No1,P38075,0.0477,1797.3362,78.76223250773994,0.4472
r_0955No1,P38075,0.0477,1797.3362,78.76223250773994,0.4472
r_0956No1,P38075,0.0477,1797.3362,78.76223250773994,0.4472
r_0957No1,P32263,0.011,158.7175,11.291515548780488,1.2496
arm_r_0958,P32327,1.3558,103.4853,23.82528888888889,5.5674
arm_r_0958,P11154,1.3558,103.4853,23.82528888888889,5.5674
arm_r_0959,P26263,0.2325,167.463,13.411943823529413,1.2496
arm_r_0959,P06169,0.2325,167.463,13.411943823529413,1.2496
arm_r_0959,P16467,0.2325,167.463,13.411943823529413,1.2496
arm_r_0960,P26263,0.2325,167.463,13.411943823529413,1.2496
arm_r_0960,P06169,0.2325,167.463,13.411943823529413,1.2496
arm_r_0960,P16467,0.2325,167.463,13.411943823529413,1.2496
r_0961No1,P32473,0.2672,234.6116,17.69156443148688,1.2496
r_0961No1,P16387,0.2672,234.6116,17.69156443148688,1.2496
r_0961No1,P09624,0.3471,374.1807,32.66308746355685,25.7417
r_0961No1,P12695,0.1823,399.7592,33.366501179941004,1.2496
arm_r_0962,P00549,1.0423,196.9557,13.709659064327486,13.5766
arm_r_0962,P52489,1.0423,196.9557,13.709659064327486,13.5766
r_0963No1,P27697,0.2155,258.0193,18.02705366568915,8.5204
r_0963No1,P53318,0.2331,138.2366,11.990621580547112,0.964
r_0963No1,P49017,0.0874,209.2782,18.93120462962963,22.9711
r_0963No1,P41735,0.0239,281.445,15.282858662613982,1.2496
r_0965No1,Q03778,0.0062,968.9104,28.31863717948718,9.1781
r_0966No1,Q03778,0.0062,968.9104,28.31863717948718,9.1781
r_0967No1,P50861,0.2383,2866.0348,133.41579858657244,35.8491
r_0969No1,P25332,0.4454,602.1672,31.11611388888889,13.5636
arm_r_0974,P21524,0.1139,92.3125,11.603969970845482,1.4882
arm_r_0974,P49723,0.1139,92.3125,11.603969970845482,1.4882
arm_r_0974,P21672,0.1139,92.3125,11.603969970845482,1.4882
arm_r_0974,P09938,0.1139,92.3125,11.603969970845482,1.4882
arm_r_0975,P21524,0.1139,92.3125,11.603969970845482,1.4882
arm_r_0975,P49723,0.1139,92.3125,11.603969970845482,1.4882
arm_r_0975,P21672,0.1139,92.3125,11.603969970845482,1.4882
arm_r_0975,P09938,0.1139,92.3125,11.603969970845482,1.4882
arm_r_0976,P21524,0.1139,92.3125,11.603969970845482,1.4882
arm_r_0976,P49723,0.1139,92.3125,11.603969970845482,1.4882
arm_r_0976,P21672,0.1139,92.3125,11.603969970845482,1.4882
arm_r_0976,P09938,0.1139,92.3125,11.603969970845482,1.4882
arm_r_0977,P21524,0.1139,92.3125,11.603969970845482,1.4882
arm_r_0977,P49723,0.1139,92.3125,11.603969970845482,1.4882
arm_r_0977,P21672,0.1139,92.3125,11.603969970845482,1.4882
arm_r_0977,P09938,0.1139,92.3125,11.603969970845482,1.4882
arm_r_0978,P21524,0.1139,92.3125,11.603969970845482,1.4882
arm_r_0978,P49723,0.1139,92.3125,11.603969970845482,1.4882
arm_r_0978,P21672,0.1139,92.3125,11.603969970845482,1.4882
arm_r_0978,P09938,0.1139,92.3125,11.603969970845482,1.4882
arm_r_0979,P21524,0.1139,92.3125,11.603969970845482,1.4882
arm_r_0979,P49723,0.1139,92.3125,11.603969970845482,1.4882
arm_r_0979,P21672,0.1139,92.3125,11.603969970845482,1.4882
arm_r_0979,P09938,0.1139,92.3125,11.603969970845482,1.4882
r_0982No1,Q12189,0.0279,388.2283,25.87361403508772,38.7271
r_0983No1,P53915,0.0127,315.4258,20.86781424148607,79.5053
r_0984No1,P46969,0.7176,36659.9867,991.1025135294118,199.2753
r_0985No1,P27697,0.1601,87.076,8.474792082111437,5.3513
r_0985No1,P53318,0.0909,55.5271,5.843073252279635,1.4882
r_0985No1,P49017,0.0749,61.1462,7.933956481481482,1.4882
r_0985No1,P41735,0.0238,100.2033,6.9637498480243165,1.4882
r_0986No1,P25087,0.0187,41.0911,1.5063638483965014,0.5741
r_0988No1,P38998,0.1025,47.943,5.913146198830409,1.4882
arm_r_0995,P07284,0.0593,77.1633,7.096309329446064,2.6857
arm_r_0995,P38705,0.0593,77.1633,7.096309329446064,2.6857
r_1001No1,Q12074,0.0037,56.5578,4.108390447761194,56.5578
r_1002No1,Q12455,0.0124,83.3474,6.589642424242424,0.0621
arm_r_1005,P47013,0.1777,156.5771,11.8939479876161,8.3792
arm_r_1005,P23501,0.1777,156.5771,11.8939479876161,8.3792
arm_r_1006,Q06147,0.0224,31.2885,3.7598813455657494,1.4882
arm_r_1006,Q12246,0.0224,31.2885,3.7598813455657494,1.4882
arm_r_1007,Q06147,0.0224,31.2885,3.7598813455657494,1.4882
arm_r_1007,Q12246,0.0224,31.2885,3.7598813455657494,1.4882
r_1010No1,P32476,0.1111,138.935,16.050926978417266,2.7205
r_1012No1,P29704,0.0945,139.2904,16.367699401197605,0.996
arm_r_1021,P47052,0.039,46.7797,3.4223014792899407,6.5077
arm_r_1021,P21801,0.039,46.7797,3.4223014792899407,6.5077
arm_r_1021,Q00711,0.039,46.7797,3.4223014792899407,6.5077
r_1022No1,P53312,0.0082,486.3004,19.780476646706585,0.9018
r_1022No1,P53598,0.0082,486.3004,19.780476646706585,0.9018
r_1023No1,P38067,0.1945,107.5991,11.262557522123894,1.4882
r_1025No1,P08536,0.2508,83.5203,8.636474777448072,6.2373
r_1026No1,P16550,0.0219,125.7437,9.730634984520124,34.1203
r_1029No1,Q12358,0.5518,1028.4746,78.30061119133573,56.7903
r_1030No1,P48015,0.1011,96.169,9.569530882352941,1.7476
r_1030No1,P09624,0.1488,101.0277,12.152528173374613,23.635
r_1030No1,P49095,0.0848,128.5665,4.626962229102167,2.2252
arm_r_1031,P36001,0.3084,30.6017,4.395862611275964,1.8074
arm_r_1031,Q08645,0.3084,30.6017,4.395862611275964,1.8074
r_1032No1,P24031,0.1754,238.2528,15.454880073800737,1.2496
r_1033No1,P24031,0.2252,319.8217,20.747748339483394,1.2496
r_1034No1,P35202,0.0349,173.0634,9.974948125,2.8558
r_1035No1,P35202,0.0349,173.0634,9.974948125,2.8558
arm_r_1037,P40553,0.1129,24179.1314,869.837319939577,1.2496
r_1040No1,P37303,0.2067,85.7364,8.247939221556885,18.3553
r_1041No1,P16120,0.4436,129.7179,10.114002046783625,4.8509
r_1042No1,P04801,0.0638,207.7481,6.367557142857143,7.6765
r_1043No1,P07236,0.0638,207.7481,6.367557142857143,7.6765
r_1045No1,P06785,0.006,170.3816,15.969664516129033,3.0697
r_1046No1,P32643,0.017,112.9986,7.7565612794612795,26.9145
r_1047No1,P18900,0.0148,26.7573,1.179508504398827,0.0757
arm_r_1049,P33315,0.1374,33.8383,3.1838314868804662,1.4882
arm_r_1049,P23254,0.1374,33.8383,3.1838314868804662,1.4882
arm_r_1050,P33315,0.1374,33.8383,3.3207708454810496,2.1901
arm_r_1050,P23254,0.1374,33.8383,3.3207708454810496,2.1901
arm_r_1051,Q00764,0.0434,157.6758,24.451098245614034,42.5622
arm_r_1051,P31688,0.0336,103.5204,11.861220760233918,19.2464
r_1054No1,P00942,2.1054,2107.5586,146.89300439882697,742.1712
r_1057No1,Q12109,0.0265,234.8549,8.167554518950437,6.355
r_1058No1,P04803,0.0265,234.8549,8.167554518950437,6.355
r_1065No1,P23542,0.2164,103.5135,8.646598235294118,4.2614
r_1066No1,P36421,0.0512,71.4962,7.903097360703812,9.8623
r_1067No1,P48527,0.0512,71.4962,7.903097360703812,9.8623
r_1069No1,P43123,0.0453,44.5937,3.7705339449541286,1.4882
r_1072No1,P15700,0.0186,207.1312,14.806688145896656,3.8283
r_1073No1,P15700,0.0186,207.1312,14.806688145896656,3.8283
r_1074No1,P18562,0.0092,25.6769,2.457596989966555,1.4882
arm_r_1077,Q12084,0.0213,59.6421,7.077968221574344,3.1978
arm_r_1077,P27515,0.0213,59.6421,7.077968221574344,3.1978
arm_r_1078,Q12084,0.0213,59.6421,7.077968221574344,3.1978
arm_r_1078,P27515,0.0213,59.6421,7.077968221574344,3.1978
r_1079No1,P15700,0.0186,207.1312,14.806688145896656,3.8283
r_1080No1,P15700,0.0186,207.1312,14.806688145896656,3.8283
r_1081No1,P32347,0.0442,23.0511,3.2855463343108506,1.4882
r_1082No1,P36150,0.0219,34.6031,2.4859776119402985,0.439
r_1083No1,P06174,0.017,63.971,4.705717747440273,0.1695
arm_r_1084,P38709,0.0768,42.4221,4.0281280701754385,1.6163
arm_r_1084,P32861,0.0768,42.4221,4.0281280701754385,1.6163
r_1087No1,P47176,0.1726,1372.4563,33.607326865671645,1.2496
r_1088No1,P38891,0.1726,1372.4563,33.607326865671645,1.2496
r_1089No1,P07806,1.0759,88.1586,12.048514577259475,5.5
r_1090No1,P07806,1.0759,88.1586,12.048514577259475,5.5
r_1091No1,P47165,0.0027,142.7712,8.250802681992337,6.1767
r_1094No1,P42826,0.4351,120.1307,7.33904213836478,1.0766
arm_r_1095,P31115,0.015,154.9308,8.45344760479042,1.4882
arm_r_1095,P53167,2.5868,43.5116,17.601300000000002,13.2706
arm_r_1095,P48567,0.0431,265.0182,6.589857012195122,1.4882
arm_r_1095,Q12211,0.3034,274.5535,14.924069208211144,1.4882
r_1838No1,Q12122,0.1311,34.152,2.1742038235294117,1.3305
r_2029No1,P39988,0.1284,205.3623,16.06322393442623,7.6802
r_2112No1,P47039,0.2719,262.3777,23.612771130952382,1.2496
arm_r_2115,P38113,0.8556,1213.9144,120.21673801169591,458.7321
arm_r_2115,P00330,0.8556,1213.9144,120.21673801169591,458.7321
arm_r_2116,Q04458,0.5823,86.1231,8.165242987804877,8.1893
arm_r_2116,P47771,0.5823,86.1231,8.165242987804877,8.1893
r_2117No1,P38840,0.2258,365.8103,25.148625514403292,1.2496
r_2119No1,P38840,0.4006,164.4922,13.126837448559671,0.6797
r_2131No1,P21954,0.41,16.956,4.630026530612245,1.4882
r_2161No1,P38286,0.0155,77.7158,7.331589005235602,8.7416
r_2165No1,P38286,0.013,65.7117,6.395217801047121,8.2117
r_2166No1,P38286,0.0126,62.6818,6.21279057591623,8.1812
r_2169No1,P40857,0.0083,111.5115,6.726817607973422,1.4882
r_2172No1,P40857,0.0076,105.8324,6.403316943521594,1.4882
r_2182No1,P21147,0.039,331.987,12.542270674486804,2.4555
r_2183No1,P21147,0.039,331.987,12.542270674486804,2.4555
r_2194No1,P30624,0.3009,116.4361,16.637979300291544,5.5018
arm_r_2195,P47912,0.3009,116.4361,16.637979300291544,5.5018
arm_r_2195,P30624,0.3009,116.4361,16.637979300291544,5.5018
arm_r_2196,P47912,0.3009,116.4361,16.637979300291544,5.5018
arm_r_2196,P30624,0.3009,116.4361,16.637979300291544,5.5018
arm_r_2197,P47912,0.3009,116.4361,16.637979300291544,5.5018
arm_r_2197,P30624,0.3009,116.4361,16.637979300291544,5.5018
arm_r_2198,P47912,0.0975,107.5525,11.3017944606414,0.2203
arm_r_2198,P30624,0.0975,107.5525,11.3017944606414,0.2203
arm_r_2199,P47912,0.3009,116.4361,16.637979300291544,5.5018
arm_r_2199,P30624,0.3009,116.4361,16.637979300291544,5.5018
r_2200No1,P30624,0.3009,116.4361,16.637979300291544,5.5018
arm_r_2201,P47912,0.3009,116.4361,16.637979300291544,5.5018
arm_r_2201,P30624,0.3009,116.4361,16.637979300291544,5.5018
arm_r_2202,P47912,0.3009,116.4361,16.637979300291544,5.5018
arm_r_2202,P30624,0.3009,116.4361,16.637979300291544,5.5018
arm_r_2203,P47912,0.3009,116.4361,16.637979300291544,5.5018
arm_r_2203,P30624,0.3009,116.4361,16.637979300291544,5.5018
arm_r_2204,P47912,0.0975,107.5525,11.3017944606414,0.2203
arm_r_2204,P30624,0.0975,107.5525,11.3017944606414,0.2203
arm_r_2205,P47912,0.3009,116.4361,16.637979300291544,5.5018
arm_r_2205,P30624,0.3009,116.4361,16.637979300291544,5.5018
r_2206No1,P39518,0.3009,116.4361,16.637979300291544,5.5018
r_2207No1,P39518,0.0975,107.5525,11.3017944606414,0.2203
r_2208No1,P39518,0.3009,116.4361,16.637979300291544,5.5018
r_2209No1,P39002,0.3009,116.4361,16.637979300291544,5.5018
r_2210No1,P39002,0.3009,116.4361,16.637979300291544,5.5018
r_2211No1,P39002,0.5338,66.1185,11.166427696793003,5.1546
r_2212No1,P39002,0.3009,116.4361,16.637979300291544,5.5018
r_2233No1,P41903,0.0087,347.16,14.341992439862542,22.2776
r_2237No1,P13711,0.4042,99.4833,12.012808181818182,6.7594
r_2285No1,P27796,0.0089,109.996,6.978506927710844,0.2042
r_2287No1,P27796,0.0089,109.996,6.978506927710844,0.2042
r_2288No1,P27796,0.0089,109.996,6.978506927710844,0.2042
arm_r_2308,P32784,0.2077,46.2299,6.293349562682216,2.4246
arm_r_2308,P36148,0.2077,46.2299,6.293349562682216,2.4246
arm_r_2309,P32784,0.2077,46.2299,6.293349562682216,2.4246
arm_r_2309,P36148,0.2077,46.2299,6.293349562682216,2.4246
r_2310No1,P36148,0.2077,46.2299,6.293349562682216,2.4246
r_2311No1,P36148,0.2077,46.2299,6.293349562682216,2.4246
arm_r_2312,P32784,0.2077,46.2299,6.293349562682216,2.4246
arm_r_2312,P36148,0.2077,46.2299,6.293349562682216,2.4246
arm_r_2313,P32784,0.2077,46.2299,6.293349562682216,2.4246
arm_r_2313,P36148,0.2077,46.2299,6.293349562682216,2.4246
r_2314No1,P36148,0.2077,46.2299,6.293349562682216,2.4246
r_2315No1,P36148,0.2077,46.2299,6.293349562682216,2.4246
r_2316No1,P36148,0.2077,46.2299,6.293349562682216,2.4246
r_2317No1,P36148,0.2077,46.2299,6.293349562682216,2.4246
r_2318No1,P36148,0.2077,46.2299,6.293349562682216,2.4246
r_2319No1,P36148,0.2077,46.2299,6.293349562682216,2.4246
r_2320No1,P36148,0.2077,46.2299,6.293349562682216,2.4246
r_2321No1,P36148,0.2077,46.2299,6.293349562682216,2.4246
r_2322No1,P36148,0.2077,46.2299,6.293349562682216,2.4246
r_2323No1,P36148,0.2077,46.2299,6.293349562682216,2.4246
r_2324No1,P40471,0.0735,511.6559,21.481304529616725,10.8267
r_2326No1,P40471,0.0678,497.3378,20.640691289198607,10.5493
r_2327No1,P40471,0.0776,521.1472,22.02260174216028,10.8586
r_2328No1,P40471,0.0735,511.6559,21.481304529616725,10.8267
r_2330No1,P40471,0.0678,497.3378,20.640691289198607,10.5493
r_2331No1,P40471,0.0776,521.1472,22.02260174216028,10.8586
r_2432No1,P38221,0.0422,448.5171,21.303276023391813,1.9235
r_2433No1,P38221,0.0422,448.5171,21.303276023391813,1.9235
r_2434No1,P38221,0.0422,448.5171,21.303276023391813,1.9235
r_2435No1,P38221,0.0422,448.5171,21.303276023391813,1.9235
r_2436No1,P38221,0.0422,448.5171,21.303276023391813,1.9235
r_2437No1,P38221,0.0422,448.5171,21.303276023391813,1.9235
r_2438No1,P38221,0.0422,448.5171,21.303276023391813,1.9235
r_2439No1,P38221,0.0422,448.5171,21.303276023391813,1.9235
r_2440No1,P38221,0.0422,448.5171,21.303276023391813,1.9235
r_2441No1,P38221,0.0422,448.5171,21.303276023391813,1.9235
r_2442No1,P38221,0.0422,448.5171,21.303276023391813,1.9235
r_2443No1,P38221,0.0422,448.5171,21.303276023391813,1.9235
r_2444No1,P38221,0.0422,448.5171,21.303276023391813,1.9235
r_2445No1,P38221,0.0422,448.5171,21.303276023391813,1.9235
r_2450No1,P08456,0.0144,256.4265,11.635424038461538,2.0816
r_2458No1,P06197,0.0127,394.6455,26.21663557692308,5.852
arm_r_2488,P05374,0.0313,39.1005,7.296247330960854,5.0796
arm_r_2488,P05375,0.0313,39.1005,7.296247330960854,5.0796
arm_r_2489,P05374,0.0313,39.1005,7.296247330960854,5.0796
arm_r_2489,P05375,0.0313,39.1005,7.296247330960854,5.0796
arm_r_2490,P05374,0.0313,39.1005,7.296247330960854,5.0796
arm_r_2490,P05375,0.0313,39.1005,7.296247330960854,5.0796
arm_r_2491,P05374,0.0313,39.1005,7.296247330960854,5.0796
arm_r_2491,P05375,0.0313,39.1005,7.296247330960854,5.0796
arm_r_2492,P05374,0.0313,39.1005,7.296247330960854,5.0796
arm_r_2492,P05375,0.0313,39.1005,7.296247330960854,5.0796
arm_r_2493,P05374,0.0313,39.1005,7.296247330960854,5.0796
arm_r_2493,P05375,0.0313,39.1005,7.296247330960854,5.0796
arm_r_2494,P05374,0.0313,39.1005,7.296247330960854,5.0796
arm_r_2494,P05375,0.0313,39.1005,7.296247330960854,5.0796
arm_r_2495,P05374,0.0313,39.1005,7.296247330960854,5.0796
arm_r_2495,P05375,0.0313,39.1005,7.296247330960854,5.0796
r_2496No1,P05375,0.0313,39.1005,7.296247330960854,5.0796
r_2497No1,P05375,0.0313,39.1005,7.296247330960854,5.0796
r_2498No1,P05375,0.0313,39.1005,7.296247330960854,5.0796
r_2499No1,P05375,0.0313,39.1005,7.296247330960854,5.0796
r_2500No1,P05375,0.0313,39.1005,7.296247330960854,5.0796
r_2501No1,P05375,0.0313,39.1005,7.296247330960854,5.0796
r_2502No1,P05375,0.0313,39.1005,7.296247330960854,5.0796
r_2503No1,P05375,0.0313,39.1005,7.296247330960854,5.0796
r_2504No1,P05375,0.0313,39.1005,7.296247330960854,5.0796
r_2505No1,P05375,0.0313,39.1005,7.296247330960854,5.0796
r_2506No1,P05375,0.0313,39.1005,7.296247330960854,5.0796
r_2507No1,P05375,0.0313,39.1005,7.296247330960854,5.0796
r_2508No1,P05375,0.0313,39.1005,7.296247330960854,5.0796
r_2509No1,P05375,0.0313,39.1005,7.296247330960854,5.0796
r_2510No1,P05375,0.0313,39.1005,7.296247330960854,5.0796
r_2511No1,P05375,0.0313,39.1005,7.296247330960854,5.0796
r_2512No1,Q12382,0.0179,221.6647,11.102854601226994,1.2137
r_2513No1,Q12382,0.0179,221.6647,11.102854601226994,1.2137
r_2514No1,Q12382,0.0179,221.6647,11.102854601226994,1.2137
r_2515No1,Q12382,0.0179,221.6647,11.102854601226994,1.2137
r_2516No1,Q12382,0.0179,221.6647,11.102854601226994,1.2137
r_2517No1,Q12382,0.0179,221.6647,11.102854601226994,1.2137
r_2518No1,Q12382,0.0179,221.6647,11.102854601226994,1.2137
r_2519No1,Q12382,0.0179,221.6647,11.102854601226994,1.2137
r_2520No1,P22140,0.1022,215.2927,18.00762818181818,27.8425
r_2521No1,P22140,0.1022,215.2927,18.00762818181818,27.8425
r_2522No1,P22140,0.1022,215.2927,18.00762818181818,27.8425
r_2523No1,P22140,0.1022,215.2927,18.00762818181818,27.8425
r_2524No1,P22140,0.1022,215.2927,18.00762818181818,27.8425
r_2525No1,P22140,0.1022,215.2927,18.00762818181818,27.8425
r_2526No1,P22140,0.1022,215.2927,18.00762818181818,27.8425
r_2527No1,P22140,0.1022,215.2927,18.00762818181818,27.8425
arm_r_2528,P22140,0.1022,215.2927,17.798169696969698,27.8425
arm_r_2528,P17898,0.1022,215.2927,17.798169696969698,27.8425
arm_r_2529,P22140,0.1022,215.2927,17.798169696969698,27.8425
arm_r_2529,P17898,0.1022,215.2927,17.798169696969698,27.8425
arm_r_2530,P22140,0.1022,215.2927,17.798169696969698,27.8425
arm_r_2530,P17898,0.1022,215.2927,17.798169696969698,27.8425
arm_r_2531,P22140,0.1022,215.2927,17.798169696969698,27.8425
arm_r_2531,P17898,0.1022,215.2927,17.798169696969698,27.8425
arm_r_2532,P22140,0.1022,215.2927,17.798169696969698,27.8425
arm_r_2532,P17898,0.1022,215.2927,17.798169696969698,27.8425
arm_r_2533,P22140,0.1022,215.2927,17.798169696969698,27.8425
arm_r_2533,P17898,0.1022,215.2927,17.798169696969698,27.8425
arm_r_2534,P22140,0.1022,215.2927,17.798169696969698,27.8425
arm_r_2534,P17898,0.1022,215.2927,17.798169696969698,27.8425
arm_r_2535,P22140,0.1022,215.2927,17.798169696969698,27.8425
arm_r_2535,P17898,0.1022,215.2927,17.798169696969698,27.8425
r_2536No1,P25578,0.3142,224.4412,20.023620760233918,116.5787
r_2537No1,P25578,0.3142,224.4412,20.023620760233918,116.5787
r_2538No1,P25578,0.3142,224.4412,20.023620760233918,116.5787
r_2539No1,P25578,0.3142,224.4412,20.023620760233918,116.5787
r_2540No1,P25578,0.2631,175.0787,16.771390058479533,96.0939
r_2541No1,P25578,0.3142,224.4412,20.023620760233918,116.5787
r_2572No1,Q07560,0.0217,433.3938,16.313304013377927,42.6844
r_2573No1,Q07560,0.0217,433.3938,16.313304013377927,42.6844
r_2574No1,Q07560,0.0217,433.3938,16.313304013377927,42.6844
r_2575No1,Q07560,0.0217,433.3938,16.313304013377927,42.6844
r_2576No1,Q07560,0.0217,433.3938,16.313304013377927,42.6844
r_2577No1,Q07560,0.0217,433.3938,16.313304013377927,42.6844
arm_r_2820,P42951,0.2073,194.3822,5.8034107871720115,17.1281
arm_r_2820,P37297,0.2073,194.3822,5.8034107871720115,17.1281
arm_r_2821,P42951,0.2073,194.3822,5.8034107871720115,17.1281
arm_r_2821,P37297,0.2073,194.3822,5.8034107871720115,17.1281
arm_r_2822,P42951,0.2073,194.3822,5.8034107871720115,17.1281
arm_r_2822,P37297,0.2073,194.3822,5.8034107871720115,17.1281
arm_r_2823,P42951,0.2073,194.3822,5.8034107871720115,17.1281
arm_r_2823,P37297,0.2073,194.3822,5.8034107871720115,17.1281
arm_r_2824,P42951,0.2073,194.3822,5.8034107871720115,17.1281
arm_r_2824,P37297,0.2073,194.3822,5.8034107871720115,17.1281
arm_r_2825,P42951,0.2073,194.3822,5.8034107871720115,17.1281
arm_r_2825,P37297,0.2073,194.3822,5.8034107871720115,17.1281
arm_r_2826,P42951,0.2073,194.3822,5.8034107871720115,17.1281
arm_r_2826,P37297,0.2073,194.3822,5.8034107871720115,17.1281
arm_r_2827,P42951,0.2073,194.3822,5.8034107871720115,17.1281
arm_r_2827,P37297,0.2073,194.3822,5.8034107871720115,17.1281
r_2828No1,P42951,0.2073,194.3822,5.8034107871720115,17.1281
r_2829No1,P42951,0.2073,194.3822,5.8034107871720115,17.1281
r_2830No1,P42951,0.2073,194.3822,5.8034107871720115,17.1281
r_2831No1,P42951,0.2073,194.3822,5.8034107871720115,17.1281
r_2832No1,P42951,0.2073,194.3822,5.8034107871720115,17.1281
r_2833No1,P42951,0.2073,194.3822,5.8034107871720115,17.1281
r_2834No1,P42951,0.2073,194.3822,5.8034107871720115,17.1281
r_2835No1,P42951,0.2073,194.3822,5.8034107871720115,17.1281
r_2836No1,P39104,0.2073,194.3822,5.8034107871720115,17.1281
r_2837No1,P39104,0.2073,194.3822,5.8034107871720115,17.1281
r_2838No1,P39104,0.2073,194.3822,5.8034107871720115,17.1281
r_2839No1,P39104,0.2073,194.3822,5.8034107871720115,17.1281
r_2840No1,P39104,0.2073,194.3822,5.8034107871720115,17.1281
r_2841No1,P39104,0.2073,194.3822,5.8034107871720115,17.1281
r_2842No1,P39104,0.2073,194.3822,5.8034107871720115,17.1281
r_2843No1,P39104,0.2073,194.3822,5.8034107871720115,17.1281
r_2844No1,P39104,0.2073,194.3822,5.8034107871720115,17.1281
r_2845No1,P39104,0.2073,194.3822,5.8034107871720115,17.1281
r_2846No1,P39104,0.2073,194.3822,5.8034107871720115,17.1281
r_2847No1,P39104,0.2073,194.3822,5.8034107871720115,17.1281
r_2848No1,P39104,0.2073,194.3822,5.8034107871720115,17.1281
r_2849No1,P39104,0.2073,194.3822,5.8034107871720115,17.1281
r_2850No1,P39104,0.2073,194.3822,5.8034107871720115,17.1281
r_2851No1,P39104,0.2073,194.3822,5.8034107871720115,17.1281
r_2852No1,P22219,0.5843,22.6122,4.420485897435897,4.8532
r_2852No1,P22543,0.3869,71.9302,7.777374679487179,1.6124
r_2853No1,P22219,0.5843,22.6122,4.420485897435897,4.8532
r_2853No1,P22543,0.3869,71.9302,7.777374679487179,1.6124
r_2854No1,P22219,0.5843,22.6122,4.420485897435897,4.8532
r_2854No1,P22543,0.3869,71.9302,7.777374679487179,1.6124
r_2855No1,P22219,0.5843,22.6122,4.420485897435897,4.8532
r_2855No1,P22543,0.3869,71.9302,7.777374679487179,1.6124
r_2856No1,P22219,0.5843,22.6122,4.420485897435897,4.8532
r_2856No1,P22543,0.3869,71.9302,7.777374679487179,1.6124
r_2857No1,P22219,0.5843,22.6122,4.420485897435897,4.8532
r_2857No1,P22543,0.3869,71.9302,7.777374679487179,1.6124
r_2858No1,P22219,0.5843,22.6122,4.420485897435897,4.8532
r_2858No1,P22543,0.3869,71.9302,7.777374679487179,1.6124
r_2859No1,P22219,0.5843,22.6122,4.420485897435897,4.8532
r_2859No1,P22543,0.3869,71.9302,7.777374679487179,1.6124
r_2860No1,P38994,0.0003,84.7626,10.619021533923304,2.2617
r_2861No1,P38994,0.0003,84.7626,10.619021533923304,2.2617
r_2862No1,P38994,0.0003,84.7626,10.619021533923304,2.2617
r_2863No1,P38994,0.0003,84.7626,10.619021533923304,2.2617
r_2864No1,P38994,0.0003,84.7626,10.619021533923304,2.2617
r_2865No1,P38994,0.0003,84.7626,10.619021533923304,2.2617
r_2866No1,P38994,0.0003,84.7626,10.619021533923304,2.2617
r_2867No1,P38994,0.0003,84.7626,10.619021533923304,2.2617
r_2868No1,P38994,0.0003,84.7626,10.619021533923304,2.2617
r_2869No1,P38994,0.0003,84.7626,10.619021533923304,2.2617
r_2870No1,P38994,0.0003,84.7626,10.619021533923304,2.2617
r_2871No1,P38994,0.0003,84.7626,10.619021533923304,2.2617
r_2872No1,P38994,0.0003,84.7626,10.619021533923304,2.2617
r_2873No1,P38994,0.0003,84.7626,10.619021533923304,2.2617
r_2874No1,P38994,0.0003,84.7626,10.619021533923304,2.2617
r_2875No1,P38994,0.0003,84.7626,10.619021533923304,2.2617
r_2876No1,P34756,0.6675,19.3762,4.667273177842565,3.2938
r_2877No1,P34756,0.6675,19.3762,4.667273177842565,3.2938
r_2878No1,P34756,0.6675,19.3762,4.667273177842565,3.2938
r_2879No1,P34756,0.6675,19.3762,4.667273177842565,3.2938
r_2880No1,P34756,0.6675,19.3762,4.667273177842565,3.2938
r_2881No1,P34756,0.6675,19.3762,4.667273177842565,3.2938
r_2882No1,P34756,0.6675,19.3762,4.667273177842565,3.2938
r_2883No1,P34756,0.6675,19.3762,4.667273177842565,3.2938
arm_r_3252,P34163,0.0127,39.3741,2.491339705882353,0.4705
arm_r_3252,Q07804,0.0127,39.3741,2.491339705882353,0.4705
arm_r_3253,P34163,0.0128,39.9609,2.558710294117647,1.4022
arm_r_3253,Q07804,0.0128,39.9609,2.558710294117647,1.4022
r_3254No1,Q07804,0.0053,59.4538,5.241218902439025,4.8089
r_3255No1,Q07804,0.0054,59.1535,5.238621036585366,0.4392
r_3256No1,Q07804,0.0036,47.8917,3.184015853658537,1.4882
r_3257No1,Q07804,0.0038,48.143,3.282359756097561,2.2551
r_3258No1,Q07804,0.0083,68.251,6.39970487804878,0.4431
r_3259No1,Q07804,0.0083,67.4924,6.325424695121951,5.1518
r_3260No1,Q07804,0.0047,51.3299,3.8982521341463414,1.4882
r_3261No1,Q07804,0.0049,51.4316,3.963183841463415,1.4882
r_3262No1,Q07950,0.0047,51.3299,3.8982521341463414,1.4882
r_3263No1,Q07950,0.0049,51.4316,3.963183841463415,1.4882
r_4039No1,P32316,0.8498,122.8523,13.640656598240469,13.7521
r_4045No1,Q04179,0.0234,124.2244,10.733772241992883,7.3745
r_1085No1,P17255,0.2838,25.8597,3.047942274052478,5.7676
r_1086No1,P17255,0.2838,25.8597,3.047942274052478,5.7676
r_3348No1,P38954,0.1802,631.9586,15.518892173913043,6.1506
r_3349No1,P38954,0.1802,631.9586,15.518892173913043,6.1506
r_3350No1,P38954,0.1802,631.9586,15.518892173913043,6.1506
r_3351No1,P38954,0.1802,631.9586,15.518892173913043,6.1506
r_3352No1,P38954,0.1802,631.9586,15.518892173913043,6.1506
r_3353No1,P38954,0.1802,631.9586,15.518892173913043,6.1506
r_3354No1,P38954,0.1802,631.9586,15.518892173913043,6.1506
r_3355No1,P38954,0.1802,631.9586,15.518892173913043,6.1506
r_3356No1,P38954,0.1802,631.9586,15.62635,6.1506
r_3357No1,P38954,0.1802,631.9586,15.62635,6.1506
r_3358No1,P38954,0.1802,631.9586,15.62635,6.1506
r_3359No1,P38954,0.1802,631.9586,15.62635,6.1506
r_3360No1,P38954,0.1802,631.9586,15.62635,6.1506
r_3361No1,P38954,0.1802,631.9586,15.62635,6.1506
r_3362No1,P38954,0.1802,631.9586,15.62635,6.1506
r_3363No1,P38954,0.1802,631.9586,15.62635,6.1506
r_3364No1,P38954,0.1802,631.9586,15.572627826086956,6.1506
r_3365No1,P38954,0.1802,631.9586,15.572627826086956,6.1506
r_3366No1,P38954,0.1802,631.9586,15.572627826086956,6.1506
r_3367No1,P38954,0.1802,631.9586,15.572627826086956,6.1506
r_3368No1,P38954,0.1802,631.9586,15.572627826086956,6.1506
r_3369No1,P38954,0.1802,631.9586,15.572627826086956,6.1506
r_3370No1,P38954,0.1802,631.9586,15.572627826086956,6.1506
r_3371No1,P38954,0.1802,631.9586,15.572627826086956,6.1506
r_3372No1,P38954,0.1802,631.9586,15.558719130434783,6.1506
r_3373No1,P38954,0.1802,631.9586,15.558719130434783,6.1506
r_3374No1,P38954,0.1802,631.9586,15.558719130434783,6.1506
r_3375No1,P38954,0.1802,631.9586,15.558719130434783,6.1506
r_3376No1,P38954,0.1802,631.9586,15.558719130434783,6.1506
r_3377No1,P38954,0.1802,631.9586,15.558719130434783,6.1506
r_3378No1,P38954,0.1802,631.9586,15.558719130434783,6.1506
r_3379No1,P38954,0.1802,631.9586,15.558719130434783,6.1506
r_3380No1,P38954,0.1802,631.9586,15.662492173913044,6.1506
r_3381No1,P38954,0.1802,631.9586,15.662492173913044,6.1506
r_3382No1,P38954,0.1802,631.9586,15.662492173913044,6.1506
r_3383No1,P38954,0.1802,631.9586,15.662492173913044,6.1506
r_3384No1,P38954,0.1802,631.9586,15.662492173913044,6.1506
r_3385No1,P38954,0.1802,631.9586,15.662492173913044,6.1506
r_3386No1,P38954,0.1802,631.9586,15.662492173913044,6.1506
r_3387No1,P38954,0.1802,631.9586,15.662492173913044,6.1506
r_3388No1,P38954,0.1802,631.9586,15.64451695652174,6.1506
r_3389No1,P38954,0.1802,631.9586,15.64451695652174,6.1506
r_3390No1,P38954,0.1802,631.9586,15.64451695652174,6.1506
r_3391No1,P38954,0.1802,631.9586,15.64451695652174,6.1506
r_3392No1,P38954,0.1802,631.9586,15.64451695652174,6.1506
r_3393No1,P38954,0.1802,631.9586,15.64451695652174,6.1506
r_3394No1,P38954,0.1802,631.9586,15.64451695652174,6.1506
r_3395No1,P38954,0.1802,631.9586,15.64451695652174,6.1506
r_3396No1,P38954,0.1802,631.9586,15.593847826086957,1.275
r_3397No1,P38954,0.1802,631.9586,15.593847826086957,1.275
r_3398No1,P38954,0.1802,631.9586,15.593847826086957,1.275
r_3399No1,P38954,0.1802,631.9586,15.593847826086957,1.275
r_3400No1,P38954,0.1802,631.9586,15.593847826086957,1.275
r_3401No1,P38954,0.1802,631.9586,15.593847826086957,1.275
r_3402No1,P38954,0.1802,631.9586,15.593847826086957,1.275
r_3403No1,P38954,0.1802,631.9586,15.593847826086957,1.275
r_3404No1,P38954,0.1802,631.9586,15.579836956521739,6.1506
r_3405No1,P38954,0.1802,631.9586,15.579836956521739,6.1506
r_3406No1,P38954,0.1802,631.9586,15.579836956521739,6.1506
r_3407No1,P38954,0.1802,631.9586,15.579836956521739,6.1506
r_3408No1,P38954,0.1802,631.9586,15.579836956521739,6.1506
r_3409No1,P38954,0.1802,631.9586,15.579836956521739,6.1506
r_3410No1,P38954,0.1802,631.9586,15.579836956521739,6.1506
r_3411No1,P38954,0.1802,631.9586,15.579836956521739,6.1506
r_3412No1,P38954,0.1802,631.9586,15.673417826086956,6.1506
r_3413No1,P38954,0.1802,631.9586,15.673417826086956,6.1506
r_3414No1,P38954,0.1802,631.9586,15.673417826086956,6.1506
r_3415No1,P38954,0.1802,631.9586,15.673417826086956,6.1506
r_3416No1,P38954,0.1802,631.9586,15.673417826086956,6.1506
r_3417No1,P38954,0.1802,631.9586,15.673417826086956,6.1506
r_3418No1,P38954,0.1802,631.9586,15.673417826086956,6.1506
r_3419No1,P38954,0.1802,631.9586,15.673417826086956,6.1506
r_3420No1,P38954,0.1802,631.9586,15.555786521739131,6.1506
r_3421No1,P38954,0.1802,631.9586,15.555786521739131,6.1506
r_3422No1,P38954,0.1802,631.9586,15.555786521739131,6.1506
r_3423No1,P38954,0.1802,631.9586,15.555786521739131,6.1506
r_3424No1,P38954,0.1802,631.9586,15.555786521739131,6.1506
r_3425No1,P38954,0.1802,631.9586,15.555786521739131,6.1506
r_3426No1,P38954,0.1802,631.9586,15.555786521739131,6.1506
r_3427No1,P38954,0.1802,631.9586,15.555786521739131,6.1506
r_3428No1,P36107,0.0164,113.8392,8.262228244274809,1.0939
r_3429No1,P36107,0.0164,113.8392,8.262228244274809,1.0939
r_3430No1,P36107,0.0164,113.8392,8.262228244274809,1.0939
r_3431No1,P36107,0.0164,113.8392,8.262228244274809,1.0939
r_3432No1,P36107,0.0164,113.8392,8.262228244274809,1.0939
r_3433No1,P36107,0.0164,113.8392,8.262228244274809,1.0939
r_3434No1,P36107,0.0164,113.8392,8.262228244274809,1.0939
r_3435No1,P36107,0.0164,113.8392,8.262228244274809,1.0939
r_3436No1,P36107,0.0164,113.8392,8.262228244274809,1.0939
r_3437No1,P36107,0.0164,113.8392,8.262228244274809,1.0939
r_3438No1,P36107,0.0164,113.8392,8.262228244274809,1.0939
r_3439No1,P36107,0.0164,113.8392,8.262228244274809,1.0939
r_3440No1,P36107,0.0164,113.8392,8.262228244274809,1.0939
r_3441No1,P36107,0.0164,113.8392,8.262228244274809,1.0939
r_3442No1,P36107,0.0164,113.8392,8.262228244274809,1.0939
r_3443No1,P36107,0.0164,113.8392,8.262228244274809,1.0939
r_3444No1,P36107,0.0164,113.8392,8.253837022900763,1.0939
r_3445No1,P36107,0.0164,113.8392,8.253837022900763,1.0939
r_3446No1,P36107,0.0164,113.8392,8.253837022900763,1.0939
r_3447No1,P36107,0.0164,113.8392,8.253837022900763,1.0939
r_3448No1,P36107,0.0164,113.8392,8.253837022900763,1.0939
r_3449No1,P36107,0.0164,113.8392,8.253837022900763,1.0939
r_3450No1,P36107,0.0164,113.8392,8.253837022900763,1.0939
r_3451No1,P36107,0.0164,113.8392,8.253837022900763,1.0939
r_3452No1,P36107,0.0164,113.8392,8.253849618320611,1.0939
r_3453No1,P36107,0.0164,113.8392,8.253849618320611,1.0939
r_3454No1,P36107,0.0164,113.8392,8.253849618320611,1.0939
r_3455No1,P36107,0.0164,113.8392,8.253849618320611,1.0939
r_3456No1,P36107,0.0164,113.8392,8.253849618320611,1.0939
r_3457No1,P36107,0.0164,113.8392,8.253849618320611,1.0939
r_3458No1,P36107,0.0164,113.8392,8.253849618320611,1.0939
r_3459No1,P36107,0.0164,113.8392,8.253849618320611,1.0939
r_3460No1,P36107,0.0164,113.8392,8.262228244274809,1.0939
r_3461No1,P36107,0.0164,113.8392,8.262228244274809,1.0939
r_3462No1,P36107,0.0164,113.8392,8.262228244274809,1.0939
r_3463No1,P36107,0.0164,113.8392,8.262228244274809,1.0939
r_3464No1,P36107,0.0164,113.8392,8.262228244274809,1.0939
r_3465No1,P36107,0.0164,113.8392,8.262228244274809,1.0939
r_3466No1,P36107,0.0164,113.8392,8.262228244274809,1.0939
r_3467No1,P36107,0.0164,113.8392,8.262228244274809,1.0939
r_3468No1,P36107,0.0164,113.8392,8.262228244274809,1.0939
r_3469No1,P36107,0.0164,113.8392,8.262228244274809,1.0939
r_3470No1,P36107,0.0164,113.8392,8.262228244274809,1.0939
r_3471No1,P36107,0.0164,113.8392,8.262228244274809,1.0939
r_3472No1,P36107,0.0164,113.8392,8.262228244274809,1.0939
r_3473No1,P36107,0.0164,113.8392,8.262228244274809,1.0939
r_3474No1,P36107,0.0164,113.8392,8.262228244274809,1.0939
r_3475No1,P36107,0.0164,113.8392,8.262228244274809,1.0939
r_3476No1,P36107,0.0164,113.8392,8.25390572519084,1.0939
r_3477No1,P36107,0.0164,113.8392,8.25390572519084,1.0939
r_3478No1,P36107,0.0164,113.8392,8.25390572519084,1.0939
r_3479No1,P36107,0.0164,113.8392,8.25390572519084,1.0939
r_3480No1,P36107,0.0164,113.8392,8.25390572519084,1.0939
r_3481No1,P36107,0.0164,113.8392,8.25390572519084,1.0939
r_3482No1,P36107,0.0164,113.8392,8.25390572519084,1.0939
r_3483No1,P36107,0.0164,113.8392,8.25390572519084,1.0939
r_3484No1,P36107,0.0164,113.8392,8.253915267175573,1.0939
r_3485No1,P36107,0.0164,113.8392,8.253915267175573,1.0939
r_3486No1,P36107,0.0164,113.8392,8.253915267175573,1.0939
r_3487No1,P36107,0.0164,113.8392,8.253915267175573,1.0939
r_3488No1,P36107,0.0164,113.8392,8.253915267175573,1.0939
r_3489No1,P36107,0.0164,113.8392,8.253915267175573,1.0939
r_3490No1,P36107,0.0164,113.8392,8.253915267175573,1.0939
r_3491No1,P36107,0.0164,113.8392,8.253915267175573,1.0939
r_3492No1,P36107,0.0164,113.8392,8.262228244274809,1.0939
r_3493No1,P36107,0.0164,113.8392,8.262228244274809,1.0939
r_3494No1,P36107,0.0164,113.8392,8.262228244274809,1.0939
r_3495No1,P36107,0.0164,113.8392,8.262228244274809,1.0939
r_3496No1,P36107,0.0164,113.8392,8.262228244274809,1.0939
r_3497No1,P36107,0.0164,113.8392,8.262228244274809,1.0939
r_3498No1,P36107,0.0164,113.8392,8.262228244274809,1.0939
r_3499No1,P36107,0.0164,113.8392,8.262228244274809,1.0939
r_3500No1,P36107,0.0164,113.8392,8.262228244274809,1.0939
r_3501No1,P36107,0.0164,113.8392,8.262228244274809,1.0939
r_3502No1,P36107,0.0164,113.8392,8.262228244274809,1.0939
r_3503No1,P36107,0.0164,113.8392,8.262228244274809,1.0939
r_3504No1,P36107,0.0164,113.8392,8.262228244274809,1.0939
r_3505No1,P36107,0.0164,113.8392,8.262228244274809,1.0939
r_3506No1,P36107,0.0164,113.8392,8.262228244274809,1.0939
r_3507No1,P36107,0.0164,113.8392,8.262228244274809,1.0939
r_1623No1,P40099,0.0117,208.5002,13.554886229508197,0.0846
r_1624No1,P40099,0.0117,208.5002,13.554886229508197,0.0846
r_1667No1,P53615,0.2085,1799812.4293,10115.005795575222,958.6925
r_1729No1,Q12055,0.013,560.9395,32.45506326530612,25.1469
r_1739No1,Q12447,0.0424,178.7183,14.15943406940063,1.4882
r_1790No1,P38913,0.005,228.639,11.955232492113565,1.2158
r_2025No1,P53727,0.1284,205.3623,18.662277380952382,7.6802
r_2064No1,P52290,0.2252,319.8217,20.747748339483394,1.2496
r_4153No1,P39713,0.0756,101.601,12.870485087719299,1.4882
r_4154No1,P39713,0.0756,101.601,12.870485087719299,1.4882
r_4155No1,P33893,0.0514,141.7641,9.389183136094674,1.548
r_4164No1,P38137,0.1437,81.329,8.682099,11.81
r_4172No1,P38360,0.8586,28.186,7.3574117647058825,12.0437
arm_r_4175,P25612,0.0253,50.3075,5.351697891566265,1.4882
arm_r_4175,Q07747,0.0253,50.3075,5.351697891566265,1.4882
arm_r_4175,P47182,0.0253,50.3075,5.351697891566265,1.4882
arm_r_4175,P42884,0.0253,50.3075,5.351697891566265,1.4882
arm_r_4175,Q08361,0.0253,50.3075,5.351697891566265,1.4882
arm_r_4175,Q02895,0.0253,50.3075,5.351697891566265,1.4882
arm_r_4176,P25612,0.0253,50.3075,5.351697891566265,1.4882
arm_r_4176,Q07747,0.0253,50.3075,5.351697891566265,1.4882
arm_r_4176,P47182,0.0253,50.3075,5.351697891566265,1.4882
arm_r_4176,P42884,0.0253,50.3075,5.351697891566265,1.4882
arm_r_4176,Q08361,0.0253,50.3075,5.351697891566265,1.4882
arm_r_4176,Q02895,0.0253,50.3075,5.351697891566265,1.4882
arm_r_4177,P25612,0.0253,50.3075,5.351697891566265,1.4882
arm_r_4177,Q07747,0.0253,50.3075,5.351697891566265,1.4882
arm_r_4177,P47182,0.0253,50.3075,5.351697891566265,1.4882
arm_r_4177,P42884,0.0253,50.3075,5.351697891566265,1.4882
arm_r_4177,Q08361,0.0253,50.3075,5.351697891566265,1.4882
arm_r_4177,Q02895,0.0253,50.3075,5.351697891566265,1.4882
arm_r_4178,P25612,0.0253,50.3075,5.351697891566265,1.4882
arm_r_4178,Q07747,0.0253,50.3075,5.351697891566265,1.4882
arm_r_4178,P47182,0.0253,50.3075,5.351697891566265,1.4882
arm_r_4178,P42884,0.0253,50.3075,5.351697891566265,1.4882
arm_r_4178,Q08361,0.0253,50.3075,5.351697891566265,1.4882
arm_r_4178,Q02895,0.0253,50.3075,5.351697891566265,1.4882
arm_r_4179,P25612,0.0253,50.3075,5.351697891566265,1.4882
arm_r_4179,Q07747,0.0253,50.3075,5.351697891566265,1.4882
arm_r_4179,P47182,0.0253,50.3075,5.351697891566265,1.4882
arm_r_4179,P42884,0.0253,50.3075,5.351697891566265,1.4882
arm_r_4179,Q08361,0.0253,50.3075,5.351697891566265,1.4882
arm_r_4179,Q02895,0.0253,50.3075,5.351697891566265,1.4882
arm_r_4180,P25612,0.0253,50.3075,5.351697891566265,1.4882
arm_r_4180,Q07747,0.0253,50.3075,5.351697891566265,1.4882
arm_r_4180,P47182,0.0253,50.3075,5.351697891566265,1.4882
arm_r_4180,P42884,0.0253,50.3075,5.351697891566265,1.4882
arm_r_4180,Q08361,0.0253,50.3075,5.351697891566265,1.4882
arm_r_4180,Q02895,0.0253,50.3075,5.351697891566265,1.4882
r_4181No1,P39986,0.043,156.1141,7.540372594752187,0.1666
arm_r_4183,P0CX08,1.2947,91.2575,24.879732,3.0029
arm_r_4183,P0CX09,1.2947,91.2575,24.879732,3.0029
r_4184No1,P40011,0.0819,877.0771,33.279440131578944,1.2496
r_4185No1,P40011,0.0612,2683.5568,97.07771743421053,1.2496
r_4187No1,P39965,0.0628,163.3275,7.795141982507289,2.8861
r_4189No1,P38744,0.0038,28804.2757,207.7461780669145,1.4882
r_4192No1,P38818,0.0472,61.4117,4.837880082987552,3.3345
arm_r_4193,P38827,0.27,27.8877,4.040607669616519,2.483
arm_r_4193,Q04089,0.0884,77.1506,5.306307305936073,0.4899
arm_r_4193,P46995,0.0907,33.0116,5.441163880597015,2.28
arm_r_4196,P38626,0.067,247.0775,24.162297959183675,23.5479
arm_r_4196,Q12746,0.067,247.0775,24.162297959183675,23.5479
arm_r_4197,P38626,0.067,247.0775,24.162297959183675,23.5479
arm_r_4197,P36060,0.067,247.0775,24.162297959183675,23.5479
arm_r_4197,Q12746,0.067,247.0775,24.162297959183675,23.5479
r_4198No1,P40580,0.0238,93.3081,12.483819572953736,23.3178
r_4205No1,P28273,1.1549,38.8921,6.9432791540785495,1.1973
r_4206No1,P36007,0.5515,26.6051,6.052491666666667,2.763
arm_r_4210,P0CH63,0.0011,9743.1761,660.1051484210526,122.8615
arm_r_4210,P0CH64,0.0011,9743.1761,660.1051484210526,122.8615
arm_r_4211,P43544,0.0538,118.2971,14.570011524163569,4.4386
arm_r_4211,P53823,0.0538,118.2971,14.570011524163569,4.4386
arm_r_4212,P43545,0.0538,118.2971,14.570011524163569,4.4386
arm_r_4212,P53824,0.0538,118.2971,14.570011524163569,4.4386
r_4214No1,P43616,0.4102,84.9527,9.418815882352941,8.9894
r_4220No1,P19881,0.0149,140.9589,15.734907886435332,1.2496
r_4221No1,Q07786,0.0253,50.3075,5.351697891566265,1.4882
arm_r_4224,Q12691,0.9778,43.7317,8.704621835443039,4.0045
arm_r_4224,Q01896,0.9778,43.7317,8.704621835443039,4.0045
arm_r_4224,P13587,0.9778,43.7317,8.704621835443039,4.0045
arm_r_4225,Q99288,0.4248,2648.3993,67.23488237410072,57.1873
r_4226No1,P52892,0.3605,789.6688,28.188415497076022,1.2496
r_4227No1,P22580,0.2079,411.9932,36.24351776649746,118.5168
r_4228No1,P22580,0.0096,169.9076,12.509276649746193,1.2496
r_4231No1,P22580,0.0082,28.182,2.7052375634517767,1.4882
r_4232No1,Q03786,0.015,487.5706,21.850736496350365,5.3988
r_4233No1,P32584,0.0146,350.9473,11.98322,1.4882
r_4235No1,Q04409,0.0723,32.3098,4.46706328358209,2.714
r_4237No1,P38929,0.6167,17.1142,3.6328527696793005,2.3509
r_4238No1,P13586,0.6167,17.1142,3.6328527696793005,2.3509
r_4247No1,P32579,0.0526,151.2417,11.4174,4.5115
r_4248No1,P53095,0.0569,51.8491,2.100780349344978,1.4882
r_4249No1,P53206,0.3642,809.8241,49.5152367781155,1.2496
r_4251No1,P53230,0.0422,448.5171,21.303276023391813,1.9235
r_4252No1,P32318,0.1417,75.4676,12.575046124031008,19.4968
r_4254No1,P39676,0.1143,225.4897,19.010163565891474,0.8381
r_4256No1,P47051,0.0663,137.0511,7.4646692073170735,0.9437
r_4258No1,P47051,0.0663,137.0511,7.4646692073170735,0.9437
r_4264No1,P21375,0.0961,799.0602,37.81530412371134,4.6447
r_4266No1,P47119,0.0144,184.551,16.485607763975157,9.2816
r_4267No1,P47119,0.0077,131.977,6.892368322981366,1.4882
r_4268No1,P47119,0.0225,201.608,17.65529347826087,9.4234
arm_r_4274,Q04533,0.561,28.1011,3.0122712460063896,1.4882
r_4278No1,Q12429,0.0928,1155.6502,22.398274772036473,1.2496
r_4282No1,Q06137,0.3488,564.5621,21.987239941690962,2.036
r_4283No1,Q06204,0.0229,121.8617,7.96441433447099,5.6822
r_4284No1,Q06204,0.0229,121.8617,7.96441433447099,5.6822
r_4285No1,Q06204,0.0229,121.8617,7.96441433447099,5.6822
r_4286No1,Q06204,0.0229,121.8617,7.96441433447099,5.6822
r_4287No1,Q06204,0.0229,121.8617,7.96441433447099,5.6822
r_4291No1,Q04458,0.5823,86.1231,8.165242987804877,8.1893
r_4293No1,Q04458,0.5823,86.1231,8.165242987804877,8.1893
r_4294No1,Q04458,0.5823,86.1231,8.165242987804877,8.1893
r_4295No1,Q04458,0.5823,86.1231,8.165242987804877,8.1893
r_4296No1,Q04458,0.5823,86.1231,8.165242987804877,8.1893
r_4297No1,Q04458,0.5823,86.1231,8.165242987804877,8.1893
r_4298No1,Q04458,0.5823,86.1231,8.165242987804877,8.1893
r_4299No1,Q04458,0.5823,86.1231,8.165242987804877,8.1893
r_4300No1,Q04458,0.5823,86.1231,8.165242987804877,8.1893
r_4301No1,Q04458,0.5823,86.1231,8.165242987804877,8.1893
r_4302No1,Q04458,0.5823,86.1231,8.165242987804877,8.1893
r_4305No1,Q04458,0.5823,86.1231,8.165242987804877,8.1893
r_4306No1,Q04458,0.5823,86.1231,8.165242987804877,8.1893
r_4307No1,Q04458,0.5823,86.1231,8.165242987804877,8.1893
r_4308No1,Q12674,0.8261,22.6611,4.794455976676385,2.6786
r_4312No1,P53934,0.0517,121.6889,9.390028685258963,17.3417
r_4323No1,P32875,0.0433,55.1799,3.8347139880952383,1.4882
r_4324No1,P32875,0.0433,55.1799,3.8347139880952383,1.4882
r_4330No1,Q06494,0.0102,91.1213,10.888848514851485,4.4863
r_4334No1,P38995,1.0303,69.5531,7.877935882352941,4.2453
r_4335No1,Q04119,0.1163,105.8857,6.234603846153846,2.3351
arm_r_4403,P38698,0.0254,91.9192,5.4163490506329115,0.2706
arm_r_4403,Q04119,0.1624,195.7495,7.008409935897436,0.5301
r_4457No1,Q12675,0.3067,27.5074,4.918797667638484,1.0974
arm_r_4484,P47164,0.561,28.1011,3.0122712460063896,1.4882
arm_r_4484,Q04533,0.561,28.1011,3.0122712460063896,1.4882
r_0012_REVNo1,P07275,0.0395,135.2366,7.686698826979472,0.8576
arm_r_0018_REV,P47039,0.2234,405.3073,36.0498181547619,1.6834
r_0027_REVNo1,P49367,1.1075,2612.678,88.63051228070175,1.2496
r_0060_REVNo1,P07264,0.2601,295.4556,19.150610787172013,1.2496
arm_r_0073_REV,Q06685,0.1767,65.7947,8.332953644314868,0.5019
arm_r_0073_REV,Q99321,0.0047,2329.6505,56.44238018018018,203.3887
arm_r_0092_REV,Q06685,0.1767,65.7947,8.332953644314868,0.5019
arm_r_0092_REV,Q99321,0.0047,2329.6505,56.44238018018018,203.3887
r_0126_REVNo1,P25628,0.0237,251.6362,8.485994427244583,0.3923
arm_r_0127_REV,P25628,0.0237,251.6362,8.49716397515528,0.3923
arm_r_0127_REV,P53629,0.0237,251.6362,8.49716397515528,0.3923
r_0128_REVNo1,P25628,0.0237,251.6362,8.485994427244583,0.3923
r_0129_REVNo1,P25628,0.0237,251.6362,8.49716397515528,0.3923
r_0130_REVNo1,P25628,0.0237,251.6362,8.485994427244583,0.3923
r_0131_REVNo1,P25628,0.0237,251.6362,8.485994427244583,0.3923
arm_r_0132_REV,P25628,0.0237,251.6362,8.472079566563467,0.3923
arm_r_0132_REV,P53629,0.0237,251.6362,8.472079566563467,0.3923
r_0133_REVNo1,P25628,0.0237,251.6362,8.485994427244583,0.3923
r_0134_REVNo1,P25628,0.0237,251.6362,8.485994427244583,0.3923
r_0135_REVNo1,P25628,0.0237,251.6362,8.485994427244583,0.3923
r_0137_REVNo1,P47026,0.0228,505.7032,8.596323913043479,0.4785
r_0146_REVNo1,P50277,1.0271,80.6431,11.712194117647059,18.447
r_0150_REVNo1,P26364,0.0192,855.243,29.231503012048194,80.6634
r_0189_REVNo1,P25335,3.0687,152227.1421,6554.617946518987,579.1241
r_0190_REVNo1,P32375,3.935,1562.2404,226.83383267973855,148.9167
r_0204_REVNo1,P49775,0.03,377.4592,16.193794901960786,10.9224
r_0208_REVNo1,P22768,0.1544,75.6274,10.970603225806451,9.1913
r_0216_REVNo1,P23542,0.1856,182.4893,8.515519005847953,1.7494
r_0218_REVNo1,P23542,0.1856,182.4893,8.515519005847953,1.7494
r_0229_REVNo1,P32451,0.0186,55.112,2.9777821292775664,1.4882
r_0249_REVNo1,P22007,0.0161,138.4673,5.375502931596091,0.4503
r_0249_REVNo1,P29703,0.0161,138.4673,5.375502931596091,0.4503
arm_r_0294_REV,P35196,0.0069,670.188,16.6756134502924,0.5788
arm_r_0294_REV,Q03175,0.0069,670.188,16.6756134502924,0.5788
arm_r_0295_REV,P35196,0.0069,670.188,16.6756134502924,0.5788
arm_r_0295_REV,Q03175,0.0069,670.188,16.6756134502924,0.5788
r_0322_REV,P14540,0.0457,25.9026,5.068995043731778,14.1546
r_0326_REVNo1,P06773,0.0038,633.6628,17.60028918128655,1.2496
r_0330_REVNo1,P15454,0.131,664.2031,65.49216432748538,201.2028
r_0335_REVNo1,P53630,0.04,315.5672,44.60730266666667,0.107
r_0340_REVNo1,Q02896,0.0454,160.2355,6.922523384615385,1.4882
r_0341_REVNo1,Q02896,0.0454,161.235,6.955929538461539,1.4882
r_0349_REVNo1,P20051,0.1911,2280.6112,77.1208431085044,50.8146
r_0356_REVNo1,P00950,0.0487,518.295,21.40524440993789,3.6883
arm_r_0366_REV,P0CX11,1.011,75.8228,12.639941690962099,10.4654
arm_r_0366_REV,P00924,1.011,75.8228,12.639941690962099,10.4654
arm_r_0366_REV,P00925,1.011,75.8228,12.639941690962099,10.4654
arm_r_0366_REV,P42222,1.011,75.8228,12.639941690962099,10.4654
arm_r_0366_REV,P0CX10,1.011,75.8228,12.639941690962099,10.4654
r_0399_REVNo1,P39518,0.2542,89.5731,14.270621865889213,10.0839
r_0400_REVNo1,P39518,0.2542,89.5731,14.270621865889213,10.0839
r_0402_REVNo1,P39518,0.2542,89.5731,14.270621865889213,10.0839
r_0410_REVNo1,P39518,0.2542,89.5731,14.270621865889213,10.0839
r_0412_REVNo1,P39518,0.2542,89.5731,14.270621865889213,10.0839
r_0450_REVNo1,P14540,0.0457,25.9026,5.068995043731778,14.1546
r_0451_REVNo1,P08417,0.1735,55.7157,7.454314285714286,1.4882
r_0452_REVNo1,P08417,0.1735,55.7157,7.454314285714286,1.4882
r_0454_REVNo1,P32614,0.0961,799.0602,37.81530412371134,4.6447
r_0455_REVNo1,P32614,0.0961,799.0602,37.81530412371134,4.6447
r_0467_REVNo1,P12709,0.454,156.6035,17.904534210526315,3.1319
arm_r_0486_REV,P00359,1.025,207.7405,48.47763548387097,7.5828
arm_r_0486_REV,P00360,1.025,207.7405,48.47763548387097,7.5828
arm_r_0486_REV,P00358,1.025,207.7405,48.47763548387097,7.5828
r_0502_REVNo1,P37291,0.027,71.7474,7.795244023323615,1.2496
r_0503_REVNo1,P37292,0.027,71.7474,7.795244023323615,1.2496
r_0518_REVNo1,P23797,0.0645,1455.9362,29.48451641791045,1.2496
r_0519_REVNo1,P47088,0.0067,60.9343,2.4619802325581395,0.0101
r_0521_REVNo1,P38211,0.0249,1319.7874,14.334493939393939,1.4882
r_0529_REVNo1,P15454,0.0524,399.789,44.042354970760236,134.0031
arm_r_0542_REV,P39533,1.2257,79.1381,13.247878425655976,6.1651
arm_r_0542_REV,P49367,0.1769,81.5623,5.732429532163743,2.2396
r_0659_REVNo1,P41939,6.9923,6.9923,6.9923,6.9923
r_0663_REVNo1,P47176,0.1235,212.2721,7.673351940298508,8.9859
r_0664_REVNo1,P38891,0.1235,212.2721,7.673351940298508,8.9859
r_0667_REVNo1,P15496,0.0382,162.2368,9.82557095709571,1.4882
r_0668_REVNo1,P53312,0.0082,486.3004,19.780476646706585,0.9018
r_0668_REVNo1,P53598,0.0082,486.3004,19.780476646706585,0.9018
r_0672_REVNo1,P07275,0.0395,135.2366,7.686698826979472,0.8576
r_0673_REVNo1,P07275,0.0395,135.2366,7.686698826979472,0.8576
r_0674_REVNo1,P52893,0.3138,495.5525,16.593186842105265,1.2496
r_0699_REVNo1,P47176,0.1235,212.2721,7.69320447761194,8.9859
r_0700_REVNo1,P38891,0.1235,212.2721,7.69320447761194,8.9859
r_0703_REVNo1,Q10740,0.4717,701.4771,34.95839116719243,1.2496
r_0704_REVNo1,Q10740,0.4717,701.4771,34.95839116719243,1.2496
r_0705_REVNo1,Q10740,0.3037,655.2111,32.51765457413249,1.2496
r_0706_REVNo1,Q10740,0.3037,655.2111,32.51765457413249,1.2496
r_0713_REVNo1,P17505,0.8082,4650.1686,236.43920699708454,11.1618
r_0714_REVNo1,P22133,0.8082,4650.1686,236.43920699708454,11.1618
r_0715_REVNo1,P32419,0.8082,4650.1686,236.43920699708454,11.1618
r_0723_REVNo1,P29952,0.069,113.3943,13.17971935483871,0.9554
arm_r_0761_REV,P40360,0.0058,111.7979,4.770221492537313,0.2429
arm_r_0761_REV,Q04728,0.0058,111.7979,4.770221492537313,0.2429
r_0769_REVNo1,P38795,0.0974,46.1404,5.77423567251462,1.7826
r_0802_REVNo1,P36010,0.0284,529.7716,51.85850709876543,13.8054
r_0803_REVNo1,P36010,0.0284,529.7716,51.85850709876543,13.8054
arm_r_0815_REV,Q04533,0.1426,74.9036,10.994000319488817,49.7419
arm_r_0815_REV,P31373,0.0593,37.1021,2.81296161971831,1.4882
arm_r_0820_REV,P13298,0.0148,91.0088,7.155277581120944,1.4882
arm_r_0820_REV,P30402,0.0148,91.0088,7.155277581120944,1.4882
r_0882_REVNo1,P38628,0.3811,48.7455,8.362743710691824,5.0628
r_0892_REVNo1,P00560,2.0959,128.5199,22.22114210526316,15.1088
arm_r_0893_REV,Q12040,0.0131,748.9339,42.443413,1.209
arm_r_0893_REV,P00950,0.0326,394.1145,19.63198198757764,3.8707
r_0949_REVNo1,Q05788,0.1236,439.9124,25.283843125,6.501
r_0950_REVNo1,Q05788,0.1236,439.9124,25.283843125,6.501
r_0951_REVNo1,Q05788,0.1236,439.9124,25.283843125,6.501
r_0955_REVNo1,P38075,0.2104,53462.7481,2198.4527720496894,1.2496
r_0984_REVNo1,P46969,0.7176,36659.9867,991.1025135294118,199.2753
r_0987_REVNo1,P40363,0.7208,34.1857,2.699561217948718,0.9513
r_0990_REV,P14540,0.0457,25.9026,5.068995043731778,14.1546
r_1000_REVNo1,P32614,0.0961,799.0602,37.81530412371134,4.6447
arm_r_1021_REV,P47052,0.0177,26.6986,2.0540869822485206,1.4882
arm_r_1021_REV,P21801,0.0177,26.6986,2.0540869822485206,1.4882
arm_r_1021_REV,Q00711,0.0177,26.6986,2.0540869822485206,1.4882
arm_r_1031_REV,P36001,0.0275,60.7147,4.97983175074184,0.3076
arm_r_1031_REV,Q08645,0.0275,60.7147,4.97983175074184,0.3076
arm_r_1048_REV,P53228,0.0773,65.0075,10.197687833827894,24.213
arm_r_1048_REV,P15019,0.0773,65.0075,10.197687833827894,24.213
arm_r_1050_REV,P33315,0.0789,70.8501,4.607932361516035,2.8953
arm_r_1050_REV,P23254,0.0789,70.8501,4.607932361516035,2.8953
r_1069_REVNo1,P43123,0.0129,70.7518,2.417982874617737,1.4882
arm_r_1084_REV,P38709,0.0434,62.472,5.714642105263158,2.0215
arm_r_1084_REV,P32861,0.0434,62.472,5.714642105263158,2.0215
arm_r_1095_REV,P31115,0.0487,38.1275,4.453509880239521,1.4882
arm_r_1095_REV,P53167,2.543,44.1868,17.30064,13.4721
arm_r_1095_REV,P48567,0.1241,78.2385,4.126729268292683,1.4882
arm_r_1095_REV,Q12211,0.9124,70.8876,8.36354457478006,1.4882
r_2112_REVNo1,P47039,0.3502,140.2573,12.80936607142857,3.9092
r_2119_REVNo1,P38840,0.2258,365.8103,25.148625514403292,1.2496
r_2194_REVNo1,P30624,0.2542,89.5731,14.270621865889213,10.0839
arm_r_2195_REV,P47912,0.2542,89.5731,14.270621865889213,10.0839
arm_r_2195_REV,P30624,0.2542,89.5731,14.270621865889213,10.0839
arm_r_2196_REV,P47912,0.2542,89.5731,14.270621865889213,10.0839
arm_r_2196_REV,P30624,0.2542,89.5731,14.270621865889213,10.0839
arm_r_2197_REV,P47912,0.2542,89.5731,14.270621865889213,10.0839
arm_r_2197_REV,P30624,0.2542,89.5731,14.270621865889213,10.0839
arm_r_2198_REV,P47912,0.2542,89.5731,14.270621865889213,10.0839
arm_r_2198_REV,P30624,0.2542,89.5731,14.270621865889213,10.0839
arm_r_2199_REV,P47912,0.2542,89.5731,14.270621865889213,10.0839
arm_r_2199_REV,P30624,0.2542,89.5731,14.270621865889213,10.0839
r_2200_REVNo1,P30624,0.2542,89.5731,14.270621865889213,10.0839
arm_r_2201_REV,P47912,0.2542,89.5731,14.270621865889213,10.0839
arm_r_2201_REV,P30624,0.2542,89.5731,14.270621865889213,10.0839
arm_r_2202_REV,P47912,0.2542,89.5731,14.270621865889213,10.0839
arm_r_2202_REV,P30624,0.2542,89.5731,14.270621865889213,10.0839
arm_r_2203_REV,P47912,0.2542,89.5731,14.270621865889213,10.0839
arm_r_2203_REV,P30624,0.2542,89.5731,14.270621865889213,10.0839
arm_r_2204_REV,P47912,0.2542,89.5731,14.270621865889213,10.0839
arm_r_2204_REV,P30624,0.2542,89.5731,14.270621865889213,10.0839
arm_r_2205_REV,P47912,0.2542,89.5731,14.270621865889213,10.0839
arm_r_2205_REV,P30624,0.2542,89.5731,14.270621865889213,10.0839
r_2206_REVNo1,P39518,0.2542,89.5731,14.270621865889213,10.0839
r_2207_REVNo1,P39518,0.2542,89.5731,14.270621865889213,10.0839
r_2208_REVNo1,P39518,0.2542,89.5731,14.270621865889213,10.0839
r_2209_REVNo1,P39002,0.2542,89.5731,14.270621865889213,10.0839
r_2210_REVNo1,P39002,0.2542,89.5731,14.270621865889213,10.0839
r_2211_REVNo1,P39002,0.2542,89.5731,14.270621865889213,10.0839
r_2212_REVNo1,P39002,0.2542,89.5731,14.270621865889213,10.0839
r_2432_REVNo1,P38221,0.0109,349.6408,16.450661695906433,2.1884
r_2433_REVNo1,P38221,0.0109,349.6408,16.450661695906433,2.1884
r_2434_REVNo1,P38221,0.0109,349.6408,16.450661695906433,2.1884
r_2435_REVNo1,P38221,0.0109,349.6408,16.450661695906433,2.1884
r_2436_REVNo1,P38221,0.0023,115.1063,12.211692625368732,0.6016
r_2437_REVNo1,P38221,0.0109,349.6408,16.450661695906433,2.1884
r_2438_REVNo1,P38221,0.0109,349.6408,16.450661695906433,2.1884
r_2439_REVNo1,P38221,0.0109,349.6408,16.450661695906433,2.1884
r_2440_REVNo1,P38221,0.0109,349.6408,16.450661695906433,2.1884
r_2441_REVNo1,P38221,0.0109,349.6408,16.450661695906433,2.1884
r_2442_REVNo1,P38221,0.0109,349.6408,16.450661695906433,2.1884
r_2443_REVNo1,P38221,0.0109,349.6408,16.450661695906433,2.1884
r_2444_REVNo1,P38221,0.0023,115.1063,12.211692625368732,0.6016
r_2445_REVNo1,P38221,0.0109,349.6408,16.450661695906433,2.1884
r_4039_REVNo1,P32316,0.9799,139.6956,15.326044281524927,14.7115
r_1667_REVNo1,P53615,0.0085,437741.4246,2659.3947852507376,638.5725
r_1729_REVNo1,Q12055,0.0167,754.9952,15.120175602409638,1.3128
arm_r_4152_REV,P06182,0.4772,6985.9463,208.35120932944605,18.0263
arm_r_4152_REV,Q00873,0.4772,6985.9463,208.35120932944605,18.0263
r_4153_REVNo1,P39713,0.2224,415.1892,42.17554035087719,1.2496
r_4154_REVNo1,P39713,0.2224,415.1892,42.17554035087719,1.2496
arm_r_4157_REV,P38218,0.0125,527.5159,34.98638877005347,0.2687
arm_r_4157_REV,Q04299,0.0125,527.5159,34.98638877005347,0.2687
r_4158_REVNo1,P38230,0.0812,271.8473,20.62027919463087,18.8336
r_4159_REVNo1,P53178,0.006,628.8494,21.401414444444445,0.0309
r_4164_REVNo1,P38137,0.3857,62.565,8.2294945,11.3819
r_4170_REVNo1,P07286,0.0178,91.2731,8.224855588235295,0.3272
arm_r_4175_REV,P25612,0.0199,424.8383,25.577162848297213,1.0527
arm_r_4175_REV,Q07747,0.0199,424.8383,25.577162848297213,1.0527
arm_r_4175_REV,P47182,0.0199,424.8383,25.577162848297213,1.0527
arm_r_4175_REV,P42884,0.0199,424.8383,25.577162848297213,1.0527
arm_r_4175_REV,Q08361,0.0199,424.8383,25.577162848297213,1.0527
arm_r_4175_REV,Q02895,0.0199,424.8383,25.577162848297213,1.0527
arm_r_4176_REV,P25612,0.0199,424.8383,25.577162848297213,1.0527
arm_r_4176_REV,Q07747,0.0199,424.8383,25.577162848297213,1.0527
arm_r_4176_REV,P47182,0.0199,424.8383,25.577162848297213,1.0527
arm_r_4176_REV,P42884,0.0199,424.8383,25.577162848297213,1.0527
arm_r_4176_REV,Q08361,0.0199,424.8383,25.577162848297213,1.0527
arm_r_4176_REV,Q02895,0.0199,424.8383,25.577162848297213,1.0527
arm_r_4177_REV,P25612,0.0158,135.7546,8.28822084942085,2.181
arm_r_4177_REV,Q07747,0.0158,135.7546,8.28822084942085,2.181
arm_r_4177_REV,P47182,0.0158,135.7546,8.28822084942085,2.181
arm_r_4177_REV,P42884,0.0158,135.7546,8.28822084942085,2.181
arm_r_4177_REV,Q08361,0.0158,135.7546,8.28822084942085,2.181
arm_r_4177_REV,Q02895,0.0158,135.7546,8.28822084942085,2.181
arm_r_4178_REV,P25612,0.0199,424.8383,25.577162848297213,1.0527
arm_r_4178_REV,Q07747,0.0199,424.8383,25.577162848297213,1.0527
arm_r_4178_REV,P47182,0.0199,424.8383,25.577162848297213,1.0527
arm_r_4178_REV,P42884,0.0199,424.8383,25.577162848297213,1.0527
arm_r_4178_REV,Q08361,0.0199,424.8383,25.577162848297213,1.0527
arm_r_4178_REV,Q02895,0.0199,424.8383,25.577162848297213,1.0527
arm_r_4179_REV,P25612,0.0158,135.7546,8.28822084942085,2.181
arm_r_4179_REV,Q07747,0.0158,135.7546,8.28822084942085,2.181
arm_r_4179_REV,P47182,0.0158,135.7546,8.28822084942085,2.181
arm_r_4179_REV,P42884,0.0158,135.7546,8.28822084942085,2.181
arm_r_4179_REV,Q08361,0.0158,135.7546,8.28822084942085,2.181
arm_r_4179_REV,Q02895,0.0158,135.7546,8.28822084942085,2.181
arm_r_4180_REV,P25612,0.0199,424.8383,25.577162848297213,1.0527
arm_r_4180_REV,Q07747,0.0199,424.8383,25.577162848297213,1.0527
arm_r_4180_REV,P47182,0.0199,424.8383,25.577162848297213,1.0527
arm_r_4180_REV,P42884,0.0199,424.8383,25.577162848297213,1.0527
arm_r_4180_REV,Q08361,0.0199,424.8383,25.577162848297213,1.0527
arm_r_4180_REV,Q02895,0.0199,424.8383,25.577162848297213,1.0527
r_4181_REVNo1,P39986,0.043,156.1141,7.540372594752187,0.1666
arm_r_4183_REV,P0CX08,0.525,213.1973,52.871228,2.9828
arm_r_4183_REV,P0CX09,0.525,213.1973,52.871228,2.9828
r_4184_REVNo1,P40011,0.018,575.8956,21.721534210526315,1.2496
r_4186_REVNo1,P40029,0.2357,1391.805,40.63221374570447,4.2151
r_4192_REVNo1,P38818,0.0446,47.9299,3.950083817427386,2.2826
arm_r_4193_REV,P38827,0.2641,21.8653,3.4042153392330383,2.532
arm_r_4193_REV,Q04089,0.0865,60.2127,4.357674885844749,2.2957
arm_r_4193_REV,P46995,0.0856,24.8765,4.487480895522388,5.3199
arm_r_4196_REV,P38626,0.1031,92.2547,11.316750728862974,8.04
arm_r_4196_REV,Q12746,0.1031,92.2547,11.316750728862974,8.04
arm_r_4197_REV,P38626,0.1031,92.2547,11.316750728862974,8.04
arm_r_4197_REV,P36060,0.1031,92.2547,11.316750728862974,8.04
arm_r_4197_REV,Q12746,0.1031,92.2547,11.316750728862974,8.04
r_4198_REVNo1,P40580,0.0151,240.2765,26.406903914590746,55.9126
r_4202_REVNo1,P36088,0.0192,2462.0463,54.39562810457517,189.241
r_4203_REVNo1,P14904,0.6222,16598.6449,112.00664072727272,93.3352
r_4204_REVNo1,P14904,0.8337,6599.8527,50.505382181818185,52.2182
r_4206_REVNo1,P36007,0.3787,80.1807,11.1777,1.2496
arm_r_4211_REV,P43544,0.0144,120.2876,11.972222304832714,1.4028
arm_r_4211_REV,P53823,0.0144,120.2876,11.972222304832714,1.4028
arm_r_4212_REV,P43545,0.0144,120.2876,11.972222304832714,1.4028
arm_r_4212_REV,P53824,0.0144,120.2876,11.972222304832714,1.4028
r_4214_REVNo1,P43616,0.0966,1.7299,0.5269752941176471,0.5482
r_4215_REVNo1,P43616,0.0966,1.7299,0.5269752941176471,0.5482
r_4216_REVNo1,P52290,0.0425,256.8482,16.45911955719557,23.0867
r_4218_REVNo1,Q07648,0.0046,3.422,0.4121581967213115,1.4882
r_4219_REVNo1,Q07648,0.0035,233.9644,16.271265163934427,1.2496
r_4220_REVNo1,P19881,0.0144,169.4999,17.597698422712934,23.0838
r_4221_REVNo1,Q07786,0.0199,424.8383,25.577162848297213,1.0527
arm_r_4225_REV,Q99288,0.1093,3584.2014,98.40464424460431,90.0077
r_4226_REVNo1,P52892,0.3138,495.5525,16.593186842105265,1.2496
r_4228_REVNo1,P22580,0.2853,471.4,27.43570918367347,1.2496
r_4230_REVNo1,P22580,0.0455,94.468,8.302037563451776,22.2208
r_4231_REVNo1,P22580,0.2853,471.4,27.302784771573606,1.2496
r_4233_REVNo1,P32584,0.014,265.9417,9.366612307692307,1.4882
r_4234_REVNo1,Q04082,0.0069,109.1858,7.245750943396226,1.4882
r_4234_REVNo1,P53306,0.0069,109.1858,7.245750943396226,1.4882
r_4234_REVNo1,P53961,0.0069,109.1858,7.245750943396226,1.4882
r_4234_REVNo1,P46961,0.0069,109.1858,7.245750943396226,1.4882
r_4234_REVNo1,P32363,0.0069,109.1858,7.245750943396226,1.4882
arm_r_4236_REV,Q04432,0.1224,1658.6657,87.95202314814814,1.2496
arm_r_4236_REV,Q04902,0.1224,1658.6657,87.95202314814814,1.2496
arm_r_4236_REV,Q08914,0.1224,1658.6657,87.95202314814814,1.2496
arm_r_4236_REV,Q08992,0.1224,1658.6657,87.95202314814814,1.2496
r_4242_REVNo1,P31755,0.0397,890.9767,19.49545516014235,2.5459
r_4248_REVNo1,P53095,0.0322,793.5437,13.697765350877193,1.2496
r_4249_REVNo1,P53206,0.3304,1596.9915,71.9810291793313,1.2496
r_4250_REVNo1,P53223,0.0058,693.6012,20.32642554517134,1.4882
r_4251_REVNo1,P53230,0.0109,349.6408,16.450661695906433,2.1884
r_4252_REVNo1,P32318,0.0079,46.3042,1.7561600775193797,0.3308
r_4260_REVNo1,P47016,0.0855,2972.7303,91.63491134969325,1.2496
r_4261_REVNo1,P47016,0.0855,2972.7303,91.63491134969325,1.2496
r_4262_REVNo1,P39533,2.6663,177.346,26.57318250728863,24.4021
r_4264_REVNo1,P21375,0.0401,468.4304,23.238745704467355,1.2496
r_4269_REVNo1,P47119,0.0043,479.0837,27.3112049689441,0.0246
r_4273_REVNo1,P47177,1.6275,1.6275,1.6275,1.6275
arm_r_4274_REV,Q04533,0.0613,270.1351,25.547599038461538,1.2496
arm_r_4275_REV,Q12209,0.3713,35.3671,5.2021945686900954,10.4867
arm_r_4275_REV,P36033,0.0246,125.0082,8.098541982507289,1.4882
arm_r_4275_REV,P32791,0.0246,125.0082,8.098541982507289,1.4882
arm_r_4275_REV,P53746,0.0246,125.0082,8.098541982507289,1.4882
arm_r_4275_REV,Q12333,0.0246,125.0082,8.098541982507289,1.4882
arm_r_4275_REV,Q08905,0.0246,125.0082,8.098541982507289,1.4882
arm_r_4275_REV,Q08908,0.0246,125.0082,8.098541982507289,1.4882
r_4276_REVNo1,Q12473,0.0246,125.0082,8.098541982507289,1.4882
r_4279_REVNo1,Q12524,0.0025,104.8633,3.997750714285714,0.2315
r_4288_REVNo1,Q03161,0.8849,2275.5784,130.3194762611276,159.3072
r_4291_REVNo1,Q04458,0.3551,255.065,16.432022865853657,17.829
r_4295_REVNo1,Q04458,0.3551,255.065,16.432022865853657,17.829
r_4296_REVNo1,Q04458,0.3551,255.065,16.432022865853657,17.829
r_4297_REVNo1,Q04458,0.3551,255.065,16.432022865853657,17.829
r_4298_REVNo1,Q04458,0.3551,255.065,16.432022865853657,17.829
r_4299_REVNo1,Q04458,0.3551,255.065,16.432022865853657,17.829
r_4300_REVNo1,Q04458,0.3551,255.065,16.432022865853657,17.829
r_4301_REVNo1,Q04458,0.3551,255.065,16.432022865853657,17.829
r_4302_REVNo1,Q04458,0.3551,255.065,16.432022865853657,17.829
r_4305_REVNo1,Q04458,0.3551,255.065,16.432022865853657,17.829
r_4306_REVNo1,Q04458,0.3551,255.065,16.432022865853657,17.829
r_4307_REVNo1,Q04458,0.3551,255.065,16.432022865853657,17.829
r_4310_REVNo1,P53954,0.1184,68.2919,7.71805294117647,0.474
r_4311_REVNo1,P53954,0.1184,68.2919,7.71805294117647,0.474
r_4312_REVNo1,P53934,0.0473,92.2138,7.554553386454184,14.0409
r_4323_REVNo1,P32875,0.1074,133.4945,6.667107142857143,1.5383
r_4324_REVNo1,P32875,0.1074,133.4945,6.667107142857143,1.5383
r_4328_REVNo1,P40350,0.0134,205.1969,9.024340307692308,14.9296
r_4330_REVNo1,Q06494,0.0065,237.2815,22.440792409240924,6.6844
arm_r_4333_REV,P38698,0.0066,166.5358,7.6814591772151894,0.1191
arm_r_4333_REV,Q04119,0.0418,354.8012,11.288904487179487,0.3745
r_4457_REVNo1,Q12675,0.3067,27.5074,4.918797667638484,1.0974
arm_r_4484_REV,P47164,0.1426,74.9036,10.994000319488817,49.7419
arm_r_4484_REV,Q04533,0.1426,74.9036,10.994000319488817,49.7419
